<?xml version = '1.0' encoding = 'UTF-8'?>
<Diagram class="oracle.dbtools.crest.swingui.logical.DPVLogical" name="Logical" id="D9B93E43-5FBC-82A8-4203-D015FFB046B6">
<createdBy>ROBOTECH</createdBy>
<modifiedBy>ROBOTECH</modifiedBy>
<createdTime>2019-01-30 20:40:50 UTC</createdTime>
<autoRoute>false</autoRoute>
<boxInbox>true</boxInbox>
<showLegend>false</showLegend>
<showLabels>false</showLabels>
<showRelAttributes>false</showRelAttributes>
<gridEnabled>false</gridEnabled>
<showGrid>false</showGrid>
<diagramColor>-1</diagramColor>
<display>false</display>
<notation>1</notation>
<objectViews>
<OView class="oracle.dbtools.crest.swingui.logical.TVEntity" oid="24DDD1D3-2ACC-683A-9840-4F8DB7587B2C" otype="Entity" vid="D7854979-5F26-C611-3883-8ACD6F917DB6">
<hideElementsInCurrentOnly>false</hideElementsInCurrentOnly>
<bounds x="940" y="107" width="117" height="153"/>
</OView>
<OView class="oracle.dbtools.crest.swingui.logical.TVEntity" oid="7B251509-DF07-378F-34AC-CD8CB2619D33" otype="Entity" vid="58389CFC-AE75-C45D-AA58-0C6E201E3690">
<hideElementsInCurrentOnly>false</hideElementsInCurrentOnly>
<bounds x="15" y="41" width="124" height="149"/>
</OView>
<OView class="oracle.dbtools.crest.swingui.logical.TVEntity" oid="8D270C09-AE95-12A0-30AA-DFC26610023E" otype="Entity" vid="34A347EC-24D3-C1EF-CA9B-C55C3D7BB1B3">
<hideElementsInCurrentOnly>false</hideElementsInCurrentOnly>
<bounds x="445" y="48" width="123" height="150"/>
</OView>
<OView class="oracle.dbtools.crest.swingui.logical.TVEntity" oid="9359377B-402E-C310-9513-27BCBD8504D6" otype="Entity" vid="71EC0B3E-59CA-32A7-AEEB-6B18412BE25D">
<hideElementsInCurrentOnly>false</hideElementsInCurrentOnly>
<bounds x="400" y="313" width="124" height="130"/>
</OView>
<OView class="oracle.dbtools.crest.swingui.logical.TVEntity" oid="A2C05EC1-447F-55AF-9E4C-9A00B3BCB36F" otype="Entity" vid="2AAD8294-5303-CA2A-C5FB-2669A11F5C6C">
<hideElementsInCurrentOnly>false</hideElementsInCurrentOnly>
<bounds x="225" y="41" width="134" height="103"/>
</OView>
<OView class="oracle.dbtools.crest.swingui.logical.TVEntity" oid="B98353EE-4BCE-CAF2-966E-BAFD6EA1932E" otype="Entity" vid="4843F723-79E8-9BA8-3843-9420B2E9735B">
<hideElementsInCurrentOnly>false</hideElementsInCurrentOnly>
<bounds x="27" y="271" width="117" height="145"/>
</OView>
<OView class="oracle.dbtools.crest.swingui.logical.TVEntity" oid="FAFA4988-49FC-CE32-8180-B184958BE09F" otype="Entity" vid="0A210906-FB73-693D-FCC5-F2B540DAD90A">
<hideElementsInCurrentOnly>false</hideElementsInCurrentOnly>
<bounds x="675" y="252" width="123" height="156"/>
</OView>
</objectViews>
<connectors>
<Connector class="oracle.dbtools.crest.swingui.logical.TVRelation" oid="27364A1E-8789-A441-DBAD-9B0665FE5369" otype="Relation" vid_source="58389CFC-AE75-C45D-AA58-0C6E201E3690" vid_target="4843F723-79E8-9BA8-3843-9420B2E9735B">
<hideElementsInCurrentOnly>false</hideElementsInCurrentOnly>
<backgroundColor>-16777216</backgroundColor>
<lineWidth>1</lineWidth>
<points>
<point x="139" y="180"/>
<point x="144" y="271"/>
</points>
</Connector>
<Connector class="oracle.dbtools.crest.swingui.logical.TVRelation" oid="291B86AF-7E82-0FD3-7455-E595174F024F" otype="Relation" vid_source="58389CFC-AE75-C45D-AA58-0C6E201E3690" vid_target="2AAD8294-5303-CA2A-C5FB-2669A11F5C6C">
<hideElementsInCurrentOnly>false</hideElementsInCurrentOnly>
<backgroundColor>-16777216</backgroundColor>
<lineWidth>1</lineWidth>
<points>
<point x="139" y="92"/>
<point x="225" y="92"/>
</points>
</Connector>
<Connector class="oracle.dbtools.crest.swingui.logical.TVRelation" oid="3EED93C9-06A3-D668-9C3D-E1192876FE7D" otype="Relation" vid_source="58389CFC-AE75-C45D-AA58-0C6E201E3690" vid_target="4843F723-79E8-9BA8-3843-9420B2E9735B">
<hideElementsInCurrentOnly>false</hideElementsInCurrentOnly>
<backgroundColor>-16777216</backgroundColor>
<lineWidth>1</lineWidth>
<points>
<point x="98" y="190"/>
<point x="98" y="271"/>
</points>
</Connector>
<Connector class="oracle.dbtools.crest.swingui.logical.TVRelation" oid="5A54B80A-4727-33BA-B87E-7F623E64E3FA" otype="Relation" vid_source="34A347EC-24D3-C1EF-CA9B-C55C3D7BB1B3" vid_target="4843F723-79E8-9BA8-3843-9420B2E9735B">
<hideElementsInCurrentOnly>false</hideElementsInCurrentOnly>
<backgroundColor>-16777216</backgroundColor>
<lineWidth>1</lineWidth>
<points>
<point x="445" y="155"/>
<point x="144" y="312"/>
</points>
</Connector>
<Connector class="oracle.dbtools.crest.swingui.logical.TVRelation" oid="6F2408C5-D0AB-1A4F-0365-28A96DE64B8E" otype="Relation" vid_source="34A347EC-24D3-C1EF-CA9B-C55C3D7BB1B3" vid_target="D7854979-5F26-C611-3883-8ACD6F917DB6">
<hideElementsInCurrentOnly>false</hideElementsInCurrentOnly>
<backgroundColor>-16777216</backgroundColor>
<lineWidth>1</lineWidth>
<points>
<point x="568" y="181"/>
<point x="940" y="181"/>
</points>
</Connector>
<Connector class="oracle.dbtools.crest.swingui.logical.TVRelation" oid="74CA116B-D195-5F4E-BE9A-532B4F67F7B4" otype="Relation" vid_source="0A210906-FB73-693D-FCC5-F2B540DAD90A" vid_target="34A347EC-24D3-C1EF-CA9B-C55C3D7BB1B3">
<hideElementsInCurrentOnly>false</hideElementsInCurrentOnly>
<backgroundColor>-16777216</backgroundColor>
<lineWidth>1</lineWidth>
<points>
<point x="675" y="274"/>
<point x="568" y="178"/>
</points>
</Connector>
<Connector class="oracle.dbtools.crest.swingui.logical.TVRelation" oid="89C39848-E8F5-6B2D-54D0-6B7EA7D7D438" otype="Relation" vid_source="4843F723-79E8-9BA8-3843-9420B2E9735B" vid_target="4843F723-79E8-9BA8-3843-9420B2E9735B">
<hideElementsInCurrentOnly>false</hideElementsInCurrentOnly>
<backgroundColor>-16777216</backgroundColor>
<lineWidth>1</lineWidth>
<points>
<point x="144" y="401"/>
<point x="169" y="401"/>
<point x="169" y="441"/>
<point x="95" y="441"/>
<point x="95" y="416"/>
</points>
</Connector>
<Connector class="oracle.dbtools.crest.swingui.logical.TVRelation" oid="9245422E-025F-BF61-3BB3-EDAEDE99C788" otype="Relation" vid_source="34A347EC-24D3-C1EF-CA9B-C55C3D7BB1B3" vid_target="2AAD8294-5303-CA2A-C5FB-2669A11F5C6C">
<hideElementsInCurrentOnly>false</hideElementsInCurrentOnly>
<backgroundColor>-16777216</backgroundColor>
<lineWidth>1</lineWidth>
<points>
<point x="445" y="96"/>
<point x="359" y="96"/>
</points>
</Connector>
<Connector class="oracle.dbtools.crest.swingui.logical.TVRelation" oid="A3B8CCB8-A1CF-2C90-CAF6-13BDD1B02238" otype="Relation" vid_source="4843F723-79E8-9BA8-3843-9420B2E9735B" vid_target="71EC0B3E-59CA-32A7-AEEB-6B18412BE25D">
<hideElementsInCurrentOnly>false</hideElementsInCurrentOnly>
<backgroundColor>-16777216</backgroundColor>
<lineWidth>1</lineWidth>
<points>
<point x="144" y="379"/>
<point x="400" y="379"/>
</points>
</Connector>
<Connector class="oracle.dbtools.crest.swingui.logical.TVRelation" oid="C55C8CAA-87AF-619A-B310-6EA1310752B2" otype="Relation" vid_source="0A210906-FB73-693D-FCC5-F2B540DAD90A" vid_target="71EC0B3E-59CA-32A7-AEEB-6B18412BE25D">
<hideElementsInCurrentOnly>false</hideElementsInCurrentOnly>
<backgroundColor>-16777216</backgroundColor>
<lineWidth>1</lineWidth>
<points>
<point x="675" y="360"/>
<point x="524" y="360"/>
</points>
</Connector>
<Connector class="oracle.dbtools.crest.swingui.logical.TVRelation" oid="D8900A36-5092-5BF2-F729-F05F6F71BD41" otype="Relation" vid_source="4843F723-79E8-9BA8-3843-9420B2E9735B" vid_target="34A347EC-24D3-C1EF-CA9B-C55C3D7BB1B3">
<hideElementsInCurrentOnly>false</hideElementsInCurrentOnly>
<backgroundColor>-16777216</backgroundColor>
<lineWidth>1</lineWidth>
<points>
<point x="144" y="363"/>
<point x="473" y="198"/>
</points>
</Connector>
<Connector class="oracle.dbtools.crest.swingui.logical.TVRelation" oid="EE3759C7-9133-6268-E810-0F4C03619245" otype="Relation" vid_source="58389CFC-AE75-C45D-AA58-0C6E201E3690" vid_target="0A210906-FB73-693D-FCC5-F2B540DAD90A">
<hideElementsInCurrentOnly>false</hideElementsInCurrentOnly>
<backgroundColor>-16777216</backgroundColor>
<lineWidth>1</lineWidth>
<points>
<point x="139" y="182"/>
<point x="675" y="252"/>
</points>
</Connector>
<Connector class="oracle.dbtools.crest.swingui.logical.TVRelation" oid="FB0C0675-1ACD-85EF-AF96-016B3BB085E7" otype="Relation" vid_source="34A347EC-24D3-C1EF-CA9B-C55C3D7BB1B3" vid_target="0A210906-FB73-693D-FCC5-F2B540DAD90A">
<hideElementsInCurrentOnly>false</hideElementsInCurrentOnly>
<backgroundColor>-16777216</backgroundColor>
<lineWidth>1</lineWidth>
<points>
<point x="568" y="181"/>
<point x="675" y="252"/>
</points>
</Connector>
</connectors>
</Diagram>