<?xml version = '1.0' encoding = 'UTF-8'?>
<Diagram class="oracle.dbtools.crest.swingui.logical.DPVLogical" name="Logical" id="19888CB0-5575-07D6-54CA-237B3FBEF2B2">
<createdBy>zoran.kovacevic</createdBy>
<modifiedBy>zoran.kovacevic</modifiedBy>
<createdTime>2019-01-30 15:46:37 UTC</createdTime>
<autoRoute>false</autoRoute>
<boxInbox>true</boxInbox>
<showLegend>false</showLegend>
<showLabels>false</showLabels>
<showRelAttributes>false</showRelAttributes>
<gridEnabled>false</gridEnabled>
<showGrid>false</showGrid>
<diagramColor>-1</diagramColor>
<display>false</display>
<notation>1</notation>
<objectViews>
<OView class="oracle.dbtools.crest.swingui.logical.TVEntity" oid="269880C7-6650-5973-39A4-E0FD2CD09316" otype="Entity" vid="A349FB46-1380-193E-D48B-B703A77062A5">
<hideElementsInCurrentOnly>false</hideElementsInCurrentOnly>
<bounds x="400" y="64" width="131" height="132"/>
</OView>
<OView class="oracle.dbtools.crest.swingui.logical.TVEntity" oid="2A15397C-770A-1BE1-DAC0-714F16B071A7" otype="Entity" vid="69117FE7-E6C5-98D5-67E9-C29270532357">
<hideElementsInCurrentOnly>false</hideElementsInCurrentOnly>
<bounds x="219" y="66" width="122" height="123"/>
</OView>
<OView class="oracle.dbtools.crest.swingui.logical.TVEntity" oid="3B6F03EE-63AC-E70A-7E62-4E0A72A7C175" otype="Entity" vid="AD8A704E-C671-F310-C2A9-775273F7C18D">
<hideElementsInCurrentOnly>false</hideElementsInCurrentOnly>
<bounds x="610" y="58" width="107" height="139"/>
</OView>
<OView class="oracle.dbtools.crest.swingui.logical.TVEntity" oid="7B75CAFE-6091-61A5-20E0-774EF4261ED3" otype="Entity" vid="F8EED39B-59F2-2AF9-B3A6-1EBCBFABB922">
<hideElementsInCurrentOnly>false</hideElementsInCurrentOnly>
<bounds x="18" y="73" width="133" height="109"/>
</OView>
<OView class="oracle.dbtools.crest.swingui.logical.TVEntity" oid="9118ECD5-532C-BEE9-32B8-772FA7E0D5E7" otype="Entity" vid="B83DE0A9-192C-636C-CCFB-907E3AA18560">
<hideElementsInCurrentOnly>false</hideElementsInCurrentOnly>
<bounds x="809" y="60" width="101" height="130"/>
</OView>
<OView class="oracle.dbtools.crest.swingui.logical.TVEntity" oid="9D91EF74-A3A8-5A6D-B308-74B0DAC03EDA" otype="Entity" vid="0B45416E-BB50-999B-981E-536E71FE00C5">
<hideElementsInCurrentOnly>false</hideElementsInCurrentOnly>
<bounds x="1012" y="53" width="117" height="138"/>
</OView>
</objectViews>
<connectors>
<Connector class="oracle.dbtools.crest.swingui.logical.TVRelation" oid="1F05506A-26EE-A32F-53B8-DAEF6BE192B2" otype="Relation" vid_source="B83DE0A9-192C-636C-CCFB-907E3AA18560" vid_target="0B45416E-BB50-999B-981E-536E71FE00C5">
<hideElementsInCurrentOnly>false</hideElementsInCurrentOnly>
<backgroundColor>-16777216</backgroundColor>
<lineWidth>1</lineWidth>
<points>
<point x="910" y="110"/>
<point x="1012" y="110"/>
</points>
</Connector>
<Connector class="oracle.dbtools.crest.swingui.logical.TVRelation" oid="3AC8AEC3-2776-4D34-5542-F5968CA81184" otype="Relation" vid_source="A349FB46-1380-193E-D48B-B703A77062A5" vid_target="69117FE7-E6C5-98D5-67E9-C29270532357">
<hideElementsInCurrentOnly>false</hideElementsInCurrentOnly>
<backgroundColor>-16777216</backgroundColor>
<lineWidth>1</lineWidth>
<points>
<point x="400" y="142"/>
<point x="341" y="142"/>
</points>
</Connector>
<Connector class="oracle.dbtools.crest.swingui.logical.TVRelation" oid="427DEF9C-2D3C-8C2C-0828-B741E7E9D0B9" otype="Relation" vid_source="AD8A704E-C671-F310-C2A9-775273F7C18D" vid_target="B83DE0A9-192C-636C-CCFB-907E3AA18560">
<hideElementsInCurrentOnly>false</hideElementsInCurrentOnly>
<backgroundColor>-16777216</backgroundColor>
<lineWidth>1</lineWidth>
<points>
<point x="717" y="125"/>
<point x="809" y="125"/>
</points>
</Connector>
<Connector class="oracle.dbtools.crest.swingui.logical.TVRelation" oid="AB532F00-9660-6C3A-4938-F1CBD739386A" otype="Relation" vid_source="F8EED39B-59F2-2AF9-B3A6-1EBCBFABB922" vid_target="69117FE7-E6C5-98D5-67E9-C29270532357">
<hideElementsInCurrentOnly>false</hideElementsInCurrentOnly>
<backgroundColor>-16777216</backgroundColor>
<lineWidth>1</lineWidth>
<points>
<point x="151" y="127"/>
<point x="219" y="127"/>
</points>
</Connector>
<Connector class="oracle.dbtools.crest.swingui.logical.TVRelation" oid="BC68D7E7-38E4-80B9-F32B-857B5761D749" otype="Relation" vid_source="A349FB46-1380-193E-D48B-B703A77062A5" vid_target="AD8A704E-C671-F310-C2A9-775273F7C18D">
<hideElementsInCurrentOnly>false</hideElementsInCurrentOnly>
<backgroundColor>-16777216</backgroundColor>
<lineWidth>1</lineWidth>
<points>
<point x="531" y="145"/>
<point x="610" y="145"/>
</points>
</Connector>
</connectors>
</Diagram>