<?xml version = '1.0' encoding = 'UTF-8'?>
<Relation class="oracle.dbtools.crest.model.design.logical.Relation" name="Employee_Role_FK" directorySegmentName="seg_0" id="27364A1E-8789-A441-DBAD-9B0665FE5369">
<createdBy>zoran.kovacevic</createdBy>
<createdTime>2019-01-31 09:49:13 UTC</createdTime>
<generatorID>0C997BE6-E03E-2ACF-C4BF-48E6A761C0F1</generatorID>
<ownerDesignName>Company Employee Management</ownerDesignName>
<engineerTo>
<item key="64F8AF5E-2ACB-6988-18D2-EB2F8B8DEC90" value="true"/>
</engineerTo>
<sourcePk>CCA24579-AFBE-9BA8-46A6-8B99AE931488</sourcePk>
<identifying>false</identifying>
<optionalSource>true</optionalSource>
<optionalTarget>false</optionalTarget>
<sourceCardinality>1</sourceCardinality>
<sourceEntity>7B251509-DF07-378F-34AC-CD8CB2619D33</sourceEntity>
<targetCardinalityString>*</targetCardinalityString>
<targetEntity>B98353EE-4BCE-CAF2-966E-BAFD6EA1932E</targetEntity>
<transferable>true</transferable>
<deleteRule>NO ACTION</deleteRule>
</Relation>