<?xml version = '1.0' encoding = 'UTF-8'?>
<Relation class="oracle.dbtools.crest.model.design.logical.Relation" name="JobHistory Job FK" directorySegmentName="seg_0" id="291B86AF-7E82-0FD3-7455-E595174F024F">
<createdBy>zoran.kovacevic</createdBy>
<createdTime>2019-01-31 09:41:37 UTC</createdTime>
<ownerDesignName>Company Employee Management</ownerDesignName>
<engineerTo>
<item key="64F8AF5E-2ACB-6988-18D2-EB2F8B8DEC90" value="true"/>
</engineerTo>
<sourcePk>CCA24579-AFBE-9BA8-46A6-8B99AE931488</sourcePk>
<identifying>true</identifying>
<optionalSource>true</optionalSource>
<optionalTarget>false</optionalTarget>
<sourceCardinality>1</sourceCardinality>
<sourceEntity>7B251509-DF07-378F-34AC-CD8CB2619D33</sourceEntity>
<targetCardinalityString>*</targetCardinalityString>
<targetEntity>A2C05EC1-447F-55AF-9E4C-9A00B3BCB36F</targetEntity>
<transferable>true</transferable>
<deleteRule>NO ACTION</deleteRule>
</Relation>