<?xml version = '1.0' encoding = 'UTF-8'?>
<Relation class="oracle.dbtools.crest.model.design.logical.Relation" name="Employee Job FK" directorySegmentName="seg_0" id="3EED93C9-06A3-D668-9C3D-E1192876FE7D">
<createdBy>zoran.kovacevic</createdBy>
<createdTime>2019-01-31 09:30:17 UTC</createdTime>
<ownerDesignName>Company Employee Management</ownerDesignName>
<engineerTo>
<item key="64F8AF5E-2ACB-6988-18D2-EB2F8B8DEC90" value="true"/>
</engineerTo>
<sourcePk>CCA24579-AFBE-9BA8-46A6-8B99AE931488</sourcePk>
<identifying>true</identifying>
<optionalSource>true</optionalSource>
<optionalTarget>false</optionalTarget>
<sourceCardinality>1</sourceCardinality>
<sourceEntity>7B251509-DF07-378F-34AC-CD8CB2619D33</sourceEntity>
<targetCardinalityString>*</targetCardinalityString>
<targetEntity>B98353EE-4BCE-CAF2-966E-BAFD6EA1932E</targetEntity>
<transferable>true</transferable>
<deleteRule>NO ACTION</deleteRule>
</Relation>