<?xml version = '1.0' encoding = 'UTF-8'?>
<Relation class="oracle.dbtools.crest.model.design.logical.Relation" name="Salary_Department_FK" directorySegmentName="seg_0" id="6F2408C5-D0AB-1A4F-0365-28A96DE64B8E">
<createdBy>zoran.kovacevic</createdBy>
<createdTime>2019-01-31 09:49:13 UTC</createdTime>
<generatorID>D1B182B7-6E19-5B3E-ED96-AAA5FFD29458</generatorID>
<ownerDesignName>Company Employee Management</ownerDesignName>
<engineerTo>
<item key="64F8AF5E-2ACB-6988-18D2-EB2F8B8DEC90" value="true"/>
</engineerTo>
<sourcePk>8C6E4496-3501-223E-A896-4B878A3CD047</sourcePk>
<identifying>true</identifying>
<optionalSource>true</optionalSource>
<optionalTarget>false</optionalTarget>
<sourceCardinality>1</sourceCardinality>
<sourceEntity>8D270C09-AE95-12A0-30AA-DFC26610023E</sourceEntity>
<targetCardinalityString>*</targetCardinalityString>
<targetEntity>24DDD1D3-2ACC-683A-9840-4F8DB7587B2C</targetEntity>
<transferable>true</transferable>
<deleteRule>NO ACTION</deleteRule>
</Relation>