<?xml version = '1.0' encoding = 'UTF-8'?>
<Relation class="oracle.dbtools.crest.model.design.logical.Relation" name="Department Branches FK" directorySegmentName="seg_0" id="74CA116B-D195-5F4E-BE9A-532B4F67F7B4">
<createdBy>zoran.kovacevic</createdBy>
<createdTime>2019-01-31 09:35:34 UTC</createdTime>
<ownerDesignName>Company Employee Management</ownerDesignName>
<engineerTo>
<item key="64F8AF5E-2ACB-6988-18D2-EB2F8B8DEC90" value="true"/>
</engineerTo>
<sourcePk>7150BE11-6635-9D0D-11BD-6CD82877F9B9</sourcePk>
<identifying>true</identifying>
<optionalSource>true</optionalSource>
<optionalTarget>false</optionalTarget>
<sourceCardinality>1</sourceCardinality>
<sourceEntity>FAFA4988-49FC-CE32-8180-B184958BE09F</sourceEntity>
<targetCardinalityString>*</targetCardinalityString>
<targetEntity>8D270C09-AE95-12A0-30AA-DFC26610023E</targetEntity>
<transferable>true</transferable>
<deleteRule>NO ACTION</deleteRule>
</Relation>