<?xml version = '1.0' encoding = 'UTF-8'?>
<Relation class="oracle.dbtools.crest.model.design.logical.Relation" name="Employee Employee FK" directorySegmentName="seg_0" id="89C39848-E8F5-6B2D-54D0-6B7EA7D7D438">
<createdBy>zoran.kovacevic</createdBy>
<createdTime>2019-01-31 09:24:32 UTC</createdTime>
<ownerDesignName>Company Employee Management</ownerDesignName>
<engineerTo>
<item key="64F8AF5E-2ACB-6988-18D2-EB2F8B8DEC90" value="true"/>
</engineerTo>
<targetPk>5184B343-CDAD-4D93-08C0-9260B0E7F83D</targetPk>
<identifying>false</identifying>
<optionalSource>false</optionalSource>
<optionalTarget>false</optionalTarget>
<sourceCardinality>1</sourceCardinality>
<sourceEntity>B98353EE-4BCE-CAF2-966E-BAFD6EA1932E</sourceEntity>
<targetCardinalityString>*</targetCardinalityString>
<targetEntity>B98353EE-4BCE-CAF2-966E-BAFD6EA1932E</targetEntity>
<transferable>true</transferable>
<deleteRule>NO ACTION</deleteRule>
</Relation>