<?xml version = '1.0' encoding = 'UTF-8'?>
<Relation class="oracle.dbtools.crest.model.design.logical.Relation" name="JobHistory Department FK" directorySegmentName="seg_0" id="9245422E-025F-BF61-3BB3-EDAEDE99C788">
<createdBy>zoran.kovacevic</createdBy>
<createdTime>2019-01-31 09:41:53 UTC</createdTime>
<ownerDesignName>Company Employee Management</ownerDesignName>
<engineerTo>
<item key="64F8AF5E-2ACB-6988-18D2-EB2F8B8DEC90" value="true"/>
</engineerTo>
<sourcePk>8C6E4496-3501-223E-A896-4B878A3CD047</sourcePk>
<identifying>true</identifying>
<optionalSource>true</optionalSource>
<optionalTarget>false</optionalTarget>
<sourceCardinality>1</sourceCardinality>
<sourceEntity>8D270C09-AE95-12A0-30AA-DFC26610023E</sourceEntity>
<targetCardinalityString>*</targetCardinalityString>
<targetEntity>A2C05EC1-447F-55AF-9E4C-9A00B3BCB36F</targetEntity>
<transferable>true</transferable>
<deleteRule>NO ACTION</deleteRule>
</Relation>