<?xml version = '1.0' encoding = 'UTF-8'?>
<Relation class="oracle.dbtools.crest.model.design.logical.Relation" name="Location Employee FK" directorySegmentName="seg_0" id="A3B8CCB8-A1CF-2C90-CAF6-13BDD1B02238">
<createdBy>zoran.kovacevic</createdBy>
<createdTime>2019-01-31 09:33:55 UTC</createdTime>
<ownerDesignName>Company Employee Management</ownerDesignName>
<engineerTo>
<item key="64F8AF5E-2ACB-6988-18D2-EB2F8B8DEC90" value="true"/>
</engineerTo>
<sourcePk>5184B343-CDAD-4D93-08C0-9260B0E7F83D</sourcePk>
<targetPk>344A1EE3-ECF6-68DD-4D2C-6EF7DE6F75F0</targetPk>
<identifying>false</identifying>
<optionalSource>false</optionalSource>
<optionalTarget>false</optionalTarget>
<sourceCardinality>1</sourceCardinality>
<sourceEntity>B98353EE-4BCE-CAF2-966E-BAFD6EA1932E</sourceEntity>
<targetCardinalityString>1</targetCardinalityString>
<targetEntity>9359377B-402E-C310-9513-27BCBD8504D6</targetEntity>
<transferable>true</transferable>
<deleteRule>SET NULL</deleteRule>
</Relation>