<?xml version = '1.0' encoding = 'UTF-8'?>
<Relation class="oracle.dbtools.crest.model.design.logical.Relation" name="Relation_10" directorySegmentName="seg_0" id="C55C8CAA-87AF-619A-B310-6EA1310752B2">
<createdBy>zoran.kovacevic</createdBy>
<createdTime>2019-01-31 09:34:50 UTC</createdTime>
<ownerDesignName>Company Employee Management</ownerDesignName>
<engineerTo>
<item key="64F8AF5E-2ACB-6988-18D2-EB2F8B8DEC90" value="true"/>
</engineerTo>
<sourcePk>7150BE11-6635-9D0D-11BD-6CD82877F9B9</sourcePk>
<targetPk>344A1EE3-ECF6-68DD-4D2C-6EF7DE6F75F0</targetPk>
<identifying>false</identifying>
<optionalSource>true</optionalSource>
<optionalTarget>false</optionalTarget>
<sourceCardinality>*</sourceCardinality>
<sourceEntity>FAFA4988-49FC-CE32-8180-B184958BE09F</sourceEntity>
<targetCardinalityString>*</targetCardinalityString>
<targetEntity>9359377B-402E-C310-9513-27BCBD8504D6</targetEntity>
<transferable>true</transferable>
<deleteRule>SET NULL</deleteRule>
</Relation>