<?xml version = '1.0' encoding = 'UTF-8'?>
<Relation class="oracle.dbtools.crest.model.design.logical.Relation" name="Department Employee FK" directorySegmentName="seg_0" id="D8900A36-5092-5BF2-F729-F05F6F71BD41">
<createdBy>zoran.kovacevic</createdBy>
<createdTime>2019-01-31 09:27:38 UTC</createdTime>
<ownerDesignName>Company Employee Management</ownerDesignName>
<engineerTo>
<item key="64F8AF5E-2ACB-6988-18D2-EB2F8B8DEC90" value="true"/>
</engineerTo>
<sourcePk>5184B343-CDAD-4D93-08C0-9260B0E7F83D</sourcePk>
<identifying>true</identifying>
<optionalSource>true</optionalSource>
<optionalTarget>false</optionalTarget>
<sourceCardinality>1</sourceCardinality>
<sourceEntity>B98353EE-4BCE-CAF2-966E-BAFD6EA1932E</sourceEntity>
<targetCardinalityString>*</targetCardinalityString>
<targetEntity>8D270C09-AE95-12A0-30AA-DFC26610023E</targetEntity>
<transferable>true</transferable>
<deleteRule>NO ACTION</deleteRule>
</Relation>