<?xml version = '1.0' encoding = 'UTF-8'?>
<Relation class="oracle.dbtools.crest.model.design.logical.Relation" name="Branches_Role_FK" directorySegmentName="seg_0" id="EE3759C7-9133-6268-E810-0F4C03619245">
<createdBy>zoran.kovacevic</createdBy>
<createdTime>2019-01-31 09:49:13 UTC</createdTime>
<generatorID>C605587F-7D0E-C77A-6461-AD2F9F991586</generatorID>
<ownerDesignName>Company Employee Management</ownerDesignName>
<engineerTo>
<item key="64F8AF5E-2ACB-6988-18D2-EB2F8B8DEC90" value="true"/>
</engineerTo>
<sourcePk>CCA24579-AFBE-9BA8-46A6-8B99AE931488</sourcePk>
<dominantRole>7B251509-DF07-378F-34AC-CD8CB2619D33</dominantRole>
<identifying>false</identifying>
<optionalSource>true</optionalSource>
<optionalTarget>false</optionalTarget>
<sourceCardinality>1</sourceCardinality>
<sourceEntity>7B251509-DF07-378F-34AC-CD8CB2619D33</sourceEntity>
<targetCardinalityString>1</targetCardinalityString>
<targetEntity>FAFA4988-49FC-CE32-8180-B184958BE09F</targetEntity>
<transferable>true</transferable>
<deleteRule>NO ACTION</deleteRule>
</Relation>