<?xml version = '1.0' encoding = 'UTF-8'?>
<Relation class="oracle.dbtools.crest.model.design.logical.Relation" name="Branches_Department_FK" directorySegmentName="seg_0" id="FB0C0675-1ACD-85EF-AF96-016B3BB085E7">
<createdBy>zoran.kovacevic</createdBy>
<createdTime>2019-01-31 09:49:13 UTC</createdTime>
<generatorID>0C56D945-65B9-A2FE-E6DC-C27BFED6B8E8</generatorID>
<ownerDesignName>Company Employee Management</ownerDesignName>
<engineerTo>
<item key="64F8AF5E-2ACB-6988-18D2-EB2F8B8DEC90" value="true"/>
</engineerTo>
<sourcePk>8C6E4496-3501-223E-A896-4B878A3CD047</sourcePk>
<identifying>true</identifying>
<optionalSource>true</optionalSource>
<optionalTarget>false</optionalTarget>
<sourceCardinality>1</sourceCardinality>
<sourceEntity>8D270C09-AE95-12A0-30AA-DFC26610023E</sourceEntity>
<targetCardinalityString>*</targetCardinalityString>
<targetEntity>FAFA4988-49FC-CE32-8180-B184958BE09F</targetEntity>
<transferable>true</transferable>
<deleteRule>NO ACTION</deleteRule>
</Relation>