<?xml version = '1.0' encoding = 'UTF-8'?>
<relationalModel class="oracle.dbtools.crest.model.design.relational.RelationalDesign" name="Relational_1" id="64F8AF5E-2ACB-6988-18D2-EB2F8B8DEC90" mainViewID="094A385E-60CB-9073-108F-C63FE277DBE6">
<createdBy>ROBOTECH</createdBy>
<createdTime>2019-01-30 20:46:58 UTC</createdTime>
<ownerDesignName>Company Employee Management</ownerDesignName>
<shouldBeOpen>false</shouldBeOpen>
<selectedRDBMSSite>32076570-2523-435C-2E92-BF29817DFF70</selectedRDBMSSite>
</relationalModel>