<?xml version = '1.0' encoding = 'UTF-8'?>
<FKIndexAssociation class="oracle.dbtools.crest.model.design.relational.FKIndexAssociation" directorySegmentName="seg_0" id="0C56D945-65B9-A2FE-E6DC-C27BFED6B8E8" containerWithKeyObject="32D97845-D89E-6522-0F4B-5A03926B00E2" localFKIndex="B78834B1-1410-607E-C002-F567C718B6A8" name="Branches_Department_FK">
<createdBy>ROBOTECH</createdBy>
<createdTime>2019-01-30 21:29:26 UTC</createdTime>
<generatorID>1FDE6C7A-4E4B-30FA-2A5B-97B2C860CBF7</generatorID>
<ownerDesignName>Company Employee Management</ownerDesignName>
<referredTableLongName>Department</referredTableLongName>
<deleteRule>NO ACTION</deleteRule>
<referredTableID>DED7889E-CFE5-50EA-C052-2D72AE884C49</referredTableID>
<keyObject>B095FE50-F522-F3F8-EF74-7943E3F57EB4</keyObject>
<referredKeyID>B095FE50-F522-F3F8-EF74-7943E3F57EB4</referredKeyID>
<mandatory>true</mandatory>
<transferable>true</transferable>
<rely>false</rely>
<columnDependencyConstraintGenerateInDDL>true</columnDependencyConstraintGenerateInDDL>
</FKIndexAssociation>