<?xml version = '1.0' encoding = 'UTF-8'?>
<FKIndexAssociation class="oracle.dbtools.crest.model.design.relational.FKIndexAssociation" directorySegmentName="seg_0" id="0C997BE6-E03E-2ACF-C4BF-48E6A761C0F1" containerWithKeyObject="4CA2F4EA-7C3D-1FA8-4FEA-127E03D39DD4" localFKIndex="26672960-B369-57F4-9388-238ED2CDFE12" name="Employee_Role_FK">
<createdBy>ROBOTECH</createdBy>
<createdTime>2019-01-30 21:29:26 UTC</createdTime>
<generatorID>F9A3C5EC-66D3-4021-5681-D014A9964F1F</generatorID>
<ownerDesignName>Company Employee Management</ownerDesignName>
<referredTableLongName>Role</referredTableLongName>
<deleteRule>NO ACTION</deleteRule>
<referredTableID>7F95AC15-2CA8-E1DC-067E-153436C51EB6</referredTableID>
<keyObject>01F9CBAF-6E4A-2A64-F3D8-B98217AA5C71</keyObject>
<referredKeyID>01F9CBAF-6E4A-2A64-F3D8-B98217AA5C71</referredKeyID>
<mandatory>true</mandatory>
<refColNames>SignedIn</refColNames>
<transferable>true</transferable>
<rely>false</rely>
<columnDependencyConstraintGenerateInDDL>true</columnDependencyConstraintGenerateInDDL>
</FKIndexAssociation>