<?xml version = '1.0' encoding = 'UTF-8'?>
<FKIndexAssociation class="oracle.dbtools.crest.model.design.relational.FKIndexAssociation" directorySegmentName="seg_0" id="1EA39593-04D2-503A-D359-B201129C663D" containerWithKeyObject="44277CCC-AA0A-3B4A-9391-AC85A5386299" localFKIndex="F762B856-D4AD-0C8F-E7BB-1C07D283BFF2" name="Relation_10_Location_FK">
<createdBy>zoran.kovacevic</createdBy>
<createdTime>2019-01-31 09:48:52 UTC</createdTime>
<generatorID>C55C8CAA-87AF-619A-B310-6EA1310752B2</generatorID>
<ownerDesignName>Company Employee Management</ownerDesignName>
<referredTableLongName>Location</referredTableLongName>
<deleteRule>NO ACTION</deleteRule>
<referredTableID>FBFD752A-A8F0-E2A9-7645-B938BE5DB3FB</referredTableID>
<keyObject>0981F214-8AA2-FB2B-D065-D4974D73762E</keyObject>
<referredKeyID>0981F214-8AA2-FB2B-D065-D4974D73762E</referredKeyID>
<mandatory>true</mandatory>
<refColNames>LocationID</refColNames>
<transferable>true</transferable>
<rely>false</rely>
<columnDependencyConstraintGenerateInDDL>true</columnDependencyConstraintGenerateInDDL>
</FKIndexAssociation>