<?xml version = '1.0' encoding = 'UTF-8'?>
<FKIndexAssociation class="oracle.dbtools.crest.model.design.relational.FKIndexAssociation" directorySegmentName="seg_0" id="420684F7-DEBA-B0C1-137C-0261308FAC3E" containerWithKeyObject="6ACB7F3F-8BF1-7DCD-F3AE-1BB4ACD79279" localFKIndex="C3C3850A-8935-2D14-42B6-9AF019223CA3" name="JobHistory_Job_FK">
<createdBy>zoran.kovacevic</createdBy>
<createdTime>2019-01-31 09:48:52 UTC</createdTime>
<generatorID>291B86AF-7E82-0FD3-7455-E595174F024F</generatorID>
<ownerDesignName>Company Employee Management</ownerDesignName>
<referredTableLongName>Job</referredTableLongName>
<deleteRule>NO ACTION</deleteRule>
<referredTableID>7F95AC15-2CA8-E1DC-067E-153436C51EB6</referredTableID>
<keyObject>01F9CBAF-6E4A-2A64-F3D8-B98217AA5C71</keyObject>
<referredKeyID>01F9CBAF-6E4A-2A64-F3D8-B98217AA5C71</referredKeyID>
<mandatory>true</mandatory>
<refColNames>JobID</refColNames>
<transferable>true</transferable>
<rely>false</rely>
<columnDependencyConstraintGenerateInDDL>true</columnDependencyConstraintGenerateInDDL>
</FKIndexAssociation>