<?xml version = '1.0' encoding = 'UTF-8'?>
<FKIndexAssociation class="oracle.dbtools.crest.model.design.relational.FKIndexAssociation" directorySegmentName="seg_0" id="4460EFF4-3E30-99C7-8914-6B0B0D566B5D" containerWithKeyObject="6ACB7F3F-8BF1-7DCD-F3AE-1BB4ACD79279" localFKIndex="F2F5517C-2649-004E-9EF1-92598BD4B751" name="JobHistory_Department_FK">
<createdBy>zoran.kovacevic</createdBy>
<createdTime>2019-01-31 09:48:52 UTC</createdTime>
<generatorID>9245422E-025F-BF61-3BB3-EDAEDE99C788</generatorID>
<ownerDesignName>Company Employee Management</ownerDesignName>
<referredTableLongName>Department</referredTableLongName>
<deleteRule>NO ACTION</deleteRule>
<referredTableID>DED7889E-CFE5-50EA-C052-2D72AE884C49</referredTableID>
<keyObject>B095FE50-F522-F3F8-EF74-7943E3F57EB4</keyObject>
<referredKeyID>B095FE50-F522-F3F8-EF74-7943E3F57EB4</referredKeyID>
<mandatory>true</mandatory>
<refColNames>DepartmentID,Employee_EmployeeID,Employee_JobID,Branches_BranchID</refColNames>
<transferable>true</transferable>
<rely>false</rely>
<columnDependencyConstraintGenerateInDDL>true</columnDependencyConstraintGenerateInDDL>
</FKIndexAssociation>