<?xml version = '1.0' encoding = 'UTF-8'?>
<FKIndexAssociation class="oracle.dbtools.crest.model.design.relational.FKIndexAssociation" directorySegmentName="seg_0" id="4D34A1B0-9CC3-B231-B2EF-80B594F49C56" containerWithKeyObject="4CA2F4EA-7C3D-1FA8-4FEA-127E03D39DD4" localFKIndex="29AB3BD7-FC87-5130-CABE-7A7DA43B6A63" name="Employee_Location_FK">
<createdBy>zoran.kovacevic</createdBy>
<createdTime>2019-01-31 09:48:52 UTC</createdTime>
<generatorID>A3B8CCB8-A1CF-2C90-CAF6-13BDD1B02238</generatorID>
<ownerDesignName>Company Employee Management</ownerDesignName>
<referredTableLongName>Location</referredTableLongName>
<deleteRule>NO ACTION</deleteRule>
<referredTableID>FBFD752A-A8F0-E2A9-7645-B938BE5DB3FB</referredTableID>
<keyObject>0981F214-8AA2-FB2B-D065-D4974D73762E</keyObject>
<referredKeyID>0981F214-8AA2-FB2B-D065-D4974D73762E</referredKeyID>
<mandatory>true</mandatory>
<refColNames>LocationID</refColNames>
<transferable>true</transferable>
<rely>false</rely>
<columnDependencyConstraintGenerateInDDL>true</columnDependencyConstraintGenerateInDDL>
</FKIndexAssociation>