<?xml version = '1.0' encoding = 'UTF-8'?>
<FKIndexAssociation class="oracle.dbtools.crest.model.design.relational.FKIndexAssociation" directorySegmentName="seg_0" id="5B273BA5-27A0-286D-A7AA-84614824F48E" containerWithKeyObject="DED7889E-CFE5-50EA-C052-2D72AE884C49" localFKIndex="9B190257-19FA-FEDA-4BB0-7E1D6584B384" name="Department_Branches_FK">
<createdBy>zoran.kovacevic</createdBy>
<createdTime>2019-01-31 09:48:52 UTC</createdTime>
<generatorID>74CA116B-D195-5F4E-BE9A-532B4F67F7B4</generatorID>
<ownerDesignName>Company Employee Management</ownerDesignName>
<referredTableLongName>Branches</referredTableLongName>
<deleteRule>NO ACTION</deleteRule>
<referredTableID>32D97845-D89E-6522-0F4B-5A03926B00E2</referredTableID>
<keyObject>46D26276-666A-EA5F-C4AC-93506EB41192</keyObject>
<referredKeyID>46D26276-666A-EA5F-C4AC-93506EB41192</referredKeyID>
<mandatory>true</mandatory>
<refColNames>BranchID</refColNames>
<transferable>true</transferable>
<rely>false</rely>
<columnDependencyConstraintGenerateInDDL>true</columnDependencyConstraintGenerateInDDL>
</FKIndexAssociation>