<?xml version = '1.0' encoding = 'UTF-8'?>
<FKIndexAssociation class="oracle.dbtools.crest.model.design.relational.FKIndexAssociation" directorySegmentName="seg_0" id="6FC21FF1-E1E6-BC92-04AE-92AEB56896CC" containerWithKeyObject="4CA2F4EA-7C3D-1FA8-4FEA-127E03D39DD4" localFKIndex="7B280C70-5344-4539-AFE0-508693B443EF" name="Employee_Department_FK">
<createdBy>zoran.kovacevic</createdBy>
<createdTime>2019-01-31 09:48:52 UTC</createdTime>
<generatorID>5A54B80A-4727-33BA-B87E-7F623E64E3FA</generatorID>
<ownerDesignName>Company Employee Management</ownerDesignName>
<referredTableLongName>Department</referredTableLongName>
<deleteRule>NO ACTION</deleteRule>
<referredTableID>DED7889E-CFE5-50EA-C052-2D72AE884C49</referredTableID>
<keyObject>B095FE50-F522-F3F8-EF74-7943E3F57EB4</keyObject>
<referredKeyID>B095FE50-F522-F3F8-EF74-7943E3F57EB4</referredKeyID>
<mandatory>true</mandatory>
<refColNames>DepartmentID,Employee_EmployeeID,Employee_JobID,Branches_BranchID</refColNames>
<transferable>true</transferable>
<rely>false</rely>
<columnDependencyConstraintGenerateInDDL>true</columnDependencyConstraintGenerateInDDL>
</FKIndexAssociation>