<?xml version = '1.0' encoding = 'UTF-8'?>
<FKIndexAssociation class="oracle.dbtools.crest.model.design.relational.FKIndexAssociation" directorySegmentName="seg_0" id="70F74D5D-8292-2AE7-7FE1-9861E5EF7EE2" containerWithKeyObject="FBFD752A-A8F0-E2A9-7645-B938BE5DB3FB" localFKIndex="5452A560-4E55-20B6-453B-213A5AD6C6E1" name="Location_Employee_FK">
<createdBy>zoran.kovacevic</createdBy>
<createdTime>2019-01-31 09:48:52 UTC</createdTime>
<generatorID>A3B8CCB8-A1CF-2C90-CAF6-13BDD1B02238</generatorID>
<ownerDesignName>Company Employee Management</ownerDesignName>
<referredTableLongName>Employee</referredTableLongName>
<deleteRule>NO ACTION</deleteRule>
<referredTableID>4CA2F4EA-7C3D-1FA8-4FEA-127E03D39DD4</referredTableID>
<keyObject>7CBB94DD-363D-E76F-CFA5-E0B267100580</keyObject>
<referredKeyID>7CBB94DD-363D-E76F-CFA5-E0B267100580</referredKeyID>
<mandatory>true</mandatory>
<refColNames>EmployeeID,Job_JobID</refColNames>
<transferable>true</transferable>
<rely>false</rely>
<columnDependencyConstraintGenerateInDDL>true</columnDependencyConstraintGenerateInDDL>
</FKIndexAssociation>