<?xml version = '1.0' encoding = 'UTF-8'?>
<FKIndexAssociation class="oracle.dbtools.crest.model.design.relational.FKIndexAssociation" directorySegmentName="seg_0" id="7E87BC6A-89CF-BA0F-99AA-2270A4ADCB7F" containerWithKeyObject="DED7889E-CFE5-50EA-C052-2D72AE884C49" localFKIndex="208A2A48-48A4-8DBC-CA45-F98ACCC4FC08" name="Department_Employee_FK">
<createdBy>zoran.kovacevic</createdBy>
<createdTime>2019-01-31 09:48:52 UTC</createdTime>
<generatorID>D8900A36-5092-5BF2-F729-F05F6F71BD41</generatorID>
<ownerDesignName>Company Employee Management</ownerDesignName>
<referredTableLongName>Employee</referredTableLongName>
<deleteRule>NO ACTION</deleteRule>
<referredTableID>4CA2F4EA-7C3D-1FA8-4FEA-127E03D39DD4</referredTableID>
<keyObject>7CBB94DD-363D-E76F-CFA5-E0B267100580</keyObject>
<referredKeyID>7CBB94DD-363D-E76F-CFA5-E0B267100580</referredKeyID>
<mandatory>true</mandatory>
<refColNames>EmployeeID,Job_JobID</refColNames>
<transferable>true</transferable>
<rely>false</rely>
<columnDependencyConstraintGenerateInDDL>true</columnDependencyConstraintGenerateInDDL>
</FKIndexAssociation>