<?xml version = '1.0' encoding = 'UTF-8'?>
<FKIndexAssociation class="oracle.dbtools.crest.model.design.relational.FKIndexAssociation" directorySegmentName="seg_0" id="ACD98ED7-BBAE-CD61-B3D1-65540DCD1451" containerWithKeyObject="4CA2F4EA-7C3D-1FA8-4FEA-127E03D39DD4" localFKIndex="ABDE4A22-79FA-0F76-CEB6-5E3B8AC0507E" name="Employee_Job_FK">
<createdBy>zoran.kovacevic</createdBy>
<createdTime>2019-01-31 09:48:52 UTC</createdTime>
<generatorID>3EED93C9-06A3-D668-9C3D-E1192876FE7D</generatorID>
<ownerDesignName>Company Employee Management</ownerDesignName>
<referredTableLongName>Job</referredTableLongName>
<deleteRule>NO ACTION</deleteRule>
<referredTableID>7F95AC15-2CA8-E1DC-067E-153436C51EB6</referredTableID>
<keyObject>01F9CBAF-6E4A-2A64-F3D8-B98217AA5C71</keyObject>
<referredKeyID>01F9CBAF-6E4A-2A64-F3D8-B98217AA5C71</referredKeyID>
<mandatory>true</mandatory>
<refColNames>JobID</refColNames>
<transferable>true</transferable>
<rely>false</rely>
<columnDependencyConstraintGenerateInDDL>true</columnDependencyConstraintGenerateInDDL>
</FKIndexAssociation>