<?xml version = '1.0' encoding = 'UTF-8'?>
<FKIndexAssociation class="oracle.dbtools.crest.model.design.relational.FKIndexAssociation" directorySegmentName="seg_0" id="C605587F-7D0E-C77A-6461-AD2F9F991586" containerWithKeyObject="32D97845-D89E-6522-0F4B-5A03926B00E2" localFKIndex="6C9F31DB-28FF-1D51-31CD-AA49C6986FF1" name="Branches_Role_FK">
<createdBy>ROBOTECH</createdBy>
<createdTime>2019-01-30 21:29:26 UTC</createdTime>
<generatorID>5AD5FC03-52B3-E614-4C0D-FE066AAC5488</generatorID>
<ownerDesignName>Company Employee Management</ownerDesignName>
<referredTableLongName>Role</referredTableLongName>
<deleteRule>NO ACTION</deleteRule>
<referredTableID>7F95AC15-2CA8-E1DC-067E-153436C51EB6</referredTableID>
<keyObject>01F9CBAF-6E4A-2A64-F3D8-B98217AA5C71</keyObject>
<referredKeyID>01F9CBAF-6E4A-2A64-F3D8-B98217AA5C71</referredKeyID>
<mandatory>true</mandatory>
<refColNames>SignedIn</refColNames>
<transferable>true</transferable>
<rely>false</rely>
<columnDependencyConstraintGenerateInDDL>true</columnDependencyConstraintGenerateInDDL>
</FKIndexAssociation>