<?xml version = '1.0' encoding = 'UTF-8'?>
<FKIndexAssociation class="oracle.dbtools.crest.model.design.relational.FKIndexAssociation" directorySegmentName="seg_0" id="D1B182B7-6E19-5B3E-ED96-AAA5FFD29458" containerWithKeyObject="8D40025F-4964-EBB2-CE85-9A986C08F17C" localFKIndex="3C83D222-D5FC-B69A-11B7-84C48F9D210E" name="Salary_Department_FK">
<createdBy>ROBOTECH</createdBy>
<createdTime>2019-01-30 21:29:26 UTC</createdTime>
<generatorID>051CC5CD-23F5-8C66-AC31-5B2EC52F4CB1</generatorID>
<ownerDesignName>Company Employee Management</ownerDesignName>
<referredTableLongName>Department</referredTableLongName>
<deleteRule>NO ACTION</deleteRule>
<referredTableID>DED7889E-CFE5-50EA-C052-2D72AE884C49</referredTableID>
<keyObject>B095FE50-F522-F3F8-EF74-7943E3F57EB4</keyObject>
<referredKeyID>B095FE50-F522-F3F8-EF74-7943E3F57EB4</referredKeyID>
<mandatory>true</mandatory>
<transferable>true</transferable>
<rely>false</rely>
<columnDependencyConstraintGenerateInDDL>true</columnDependencyConstraintGenerateInDDL>
</FKIndexAssociation>