<?xml version = '1.0' encoding = 'UTF-8'?>
<FKIndexAssociation class="oracle.dbtools.crest.model.design.relational.FKIndexAssociation" directorySegmentName="seg_0" id="E7D4C0E3-BE4B-A975-0A0C-AAA80C00EEE0" containerWithKeyObject="4CA2F4EA-7C3D-1FA8-4FEA-127E03D39DD4" localFKIndex="3894EC6D-8E64-E5AE-757B-CC80DD60277F" name="Employee_Employee_FK">
<createdBy>zoran.kovacevic</createdBy>
<createdTime>2019-01-31 09:48:52 UTC</createdTime>
<generatorID>89C39848-E8F5-6B2D-54D0-6B7EA7D7D438</generatorID>
<ownerDesignName>Company Employee Management</ownerDesignName>
<referredTableLongName>Employee</referredTableLongName>
<deleteRule>NO ACTION</deleteRule>
<referredTableID>4CA2F4EA-7C3D-1FA8-4FEA-127E03D39DD4</referredTableID>
<keyObject>7CBB94DD-363D-E76F-CFA5-E0B267100580</keyObject>
<referredKeyID>7CBB94DD-363D-E76F-CFA5-E0B267100580</referredKeyID>
<mandatory>true</mandatory>
<refColNames>EmployeeID,Job_JobID</refColNames>
<transferable>true</transferable>
<rely>false</rely>
<columnDependencyConstraintGenerateInDDL>true</columnDependencyConstraintGenerateInDDL>
</FKIndexAssociation>