<?xml version = '1.0' encoding = 'UTF-8'?>
<FKIndexAssociation class="oracle.dbtools.crest.model.design.relational.FKIndexAssociation" directorySegmentName="seg_0" id="FBCCED62-0B71-E5DD-DEC0-0834D69FF6B9" containerWithKeyObject="44277CCC-AA0A-3B4A-9391-AC85A5386299" localFKIndex="847E80E4-BB35-66EA-994C-CD2FF3E56349" name="Relation_10_Branches_FK">
<createdBy>zoran.kovacevic</createdBy>
<createdTime>2019-01-31 09:48:52 UTC</createdTime>
<generatorID>C55C8CAA-87AF-619A-B310-6EA1310752B2</generatorID>
<ownerDesignName>Company Employee Management</ownerDesignName>
<referredTableLongName>Branches</referredTableLongName>
<deleteRule>NO ACTION</deleteRule>
<referredTableID>32D97845-D89E-6522-0F4B-5A03926B00E2</referredTableID>
<keyObject>46D26276-666A-EA5F-C4AC-93506EB41192</keyObject>
<referredKeyID>46D26276-666A-EA5F-C4AC-93506EB41192</referredKeyID>
<mandatory>true</mandatory>
<refColNames>BranchID</refColNames>
<transferable>true</transferable>
<rely>false</rely>
<columnDependencyConstraintGenerateInDDL>true</columnDependencyConstraintGenerateInDDL>
</FKIndexAssociation>