<?xml version = '1.0' encoding = 'UTF-8'?>
<Entity class="oracle.dbtools.crest.model.design.logical.Entity" directorySegmentName="seg_0" id="269880C7-6650-5973-39A4-E0FD2CD09316" name="State">
<createdBy>ROBOTECH</createdBy>
<createdTime>2019-01-30 22:05:34 UTC</createdTime>
<ownerDesignName>Online Banking System</ownerDesignName>
<engineerTo>
<item key="FCD79AF2-33BC-B959-7D77-44C0B61786AF" value="true"/>
</engineerTo>
<adequatelyNormalized>NO</adequatelyNormalized>
<expectedVolumes>0</expectedVolumes>
<fwdEngineeringStrategyName>Single Table</fwdEngineeringStrategyName>
<growthPercent>0</growthPercent>
<growthType>Year</growthType>
<maxVolumes>9999999</maxVolumes>
<minVolumes>0</minVolumes>
<normalForm>Third</normalForm>
<attributes itemClass="oracle.dbtools.crest.model.design.logical.Attribute">
<Attribute name="StateID" id="B7AB3776-71D2-024B-FEA7-9E69F178D270">
<createdBy>ROBOTECH</createdBy>
<createdTime>2019-01-30 22:05:48 UTC</createdTime>
<ownerDesignName>Online Banking System</ownerDesignName>
<engineerTo>
<item key="FCD79AF2-33BC-B959-7D77-44C0B61786AF" value="true"/>
</engineerTo>
<useDomainConstraints>false</useDomainConstraints>
<use>1</use>
<logicalDatatype>LOGDT024</logicalDatatype>
<dataTypeSize>50</dataTypeSize>
<ownDataTypeParameters>50,,</ownDataTypeParameters>
</Attribute>
<Attribute name="City" id="004C4AD3-38F6-F15D-A3AA-48CCC051B96E">
<createdBy>ROBOTECH</createdBy>
<createdTime>2019-01-30 22:05:56 UTC</createdTime>
<ownerDesignName>Online Banking System</ownerDesignName>
<engineerTo>
<item key="FCD79AF2-33BC-B959-7D77-44C0B61786AF" value="true"/>
</engineerTo>
<useDomainConstraints>false</useDomainConstraints>
<use>1</use>
<logicalDatatype>LOGDT024</logicalDatatype>
<dataTypeSize>50</dataTypeSize>
<ownDataTypeParameters>50,,</ownDataTypeParameters>
</Attribute>
</attributes>
<identifiers itemClass="oracle.dbtools.crest.model.design.logical.CandidateKey">
<identifier id="D7E8DF64-46E8-BD5E-D1C7-EB3B49C1AF6D" name="State PK">
<createdBy>ROBOTECH</createdBy>
<createdTime>2019-01-30 22:06:22 UTC</createdTime>
<ownerDesignName>Online Banking System</ownerDesignName>
<engineerTo>
<item key="FCD79AF2-33BC-B959-7D77-44C0B61786AF" value="true"/>
</engineerTo>
<pk>true</pk>
<usedAttributes>
<attributeRef>B7AB3776-71D2-024B-FEA7-9E69F178D270</attributeRef>
</usedAttributes>
</identifier>
</identifiers>
</Entity>