<?xml version = '1.0' encoding = 'UTF-8'?>
<Entity class="oracle.dbtools.crest.model.design.logical.Entity" directorySegmentName="seg_0" id="2A15397C-770A-1BE1-DAC0-714F16B071A7" name="ClientAddress">
<createdBy>zoran.kovacevic</createdBy>
<createdTime>2019-01-30 15:55:42 UTC</createdTime>
<ownerDesignName>Online Banking System</ownerDesignName>
<engineerTo>
<item key="FCD79AF2-33BC-B959-7D77-44C0B61786AF" value="true"/>
</engineerTo>
<adequatelyNormalized>NO</adequatelyNormalized>
<expectedVolumes>0</expectedVolumes>
<fwdEngineeringStrategyName>Single Table</fwdEngineeringStrategyName>
<growthPercent>0</growthPercent>
<growthType>Year</growthType>
<maxVolumes>9999999</maxVolumes>
<minVolumes>0</minVolumes>
<normalForm>Third</normalForm>
<attributes itemClass="oracle.dbtools.crest.model.design.logical.Attribute">
<Attribute name="StreetAddress" id="5C6CC121-BD2B-0593-5C81-6BF9C5A103E0">
<createdBy>zoran.kovacevic</createdBy>
<createdTime>2019-01-30 15:58:36 UTC</createdTime>
<ownerDesignName>Online Banking System</ownerDesignName>
<engineerTo>
<item key="FCD79AF2-33BC-B959-7D77-44C0B61786AF" value="true"/>
</engineerTo>
<useDomainConstraints>false</useDomainConstraints>
<use>1</use>
<logicalDatatype>LOGDT024</logicalDatatype>
<dataTypeSize>50</dataTypeSize>
<ownDataTypeParameters>50,,</ownDataTypeParameters>
</Attribute>
<Attribute name="ClientID" id="D109DBBB-1C87-5212-9F24-1EFC43101024">
<createdBy>ROBOTECH</createdBy>
<createdTime>2019-01-30 22:03:50 UTC</createdTime>
<generatorID>AB532F00-9660-6C3A-4938-F1CBD739386A</generatorID>
<ownerDesignName>Online Banking System</ownerDesignName>
<engineerTo>
<item key="FCD79AF2-33BC-B959-7D77-44C0B61786AF" value="true"/>
</engineerTo>
<referedAttribute>B30B009A-9C70-E61C-ECF2-C1FEBC31E594</referedAttribute>
<use>0</use>
<ownDataTypeParameters>,,</ownDataTypeParameters>
</Attribute>
<Attribute name="StateID" id="E775ADD3-C75A-6662-CA44-5609E4D015C7">
<createdBy>ROBOTECH</createdBy>
<createdTime>2019-01-30 22:08:13 UTC</createdTime>
<generatorID>3AC8AEC3-2776-4D34-5542-F5968CA81184</generatorID>
<ownerDesignName>Online Banking System</ownerDesignName>
<engineerTo>
<item key="FCD79AF2-33BC-B959-7D77-44C0B61786AF" value="true"/>
</engineerTo>
<referedAttribute>B7AB3776-71D2-024B-FEA7-9E69F178D270</referedAttribute>
<useDomainConstraints>false</useDomainConstraints>
<use>1</use>
<logicalDatatype>LOGDT024</logicalDatatype>
<dataTypeSize>50</dataTypeSize>
<ownDataTypeParameters>,,</ownDataTypeParameters>
</Attribute>
</attributes>
<identifiers itemClass="oracle.dbtools.crest.model.design.logical.CandidateKey">
<identifier id="5DE23027-7226-AF00-6694-F615CB18EBEC" name="ClientAddress PK">
<createdBy>ROBOTECH</createdBy>
<createdTime>2019-01-30 22:03:31 UTC</createdTime>
<ownerDesignName>Online Banking System</ownerDesignName>
<engineerTo>
<item key="FCD79AF2-33BC-B959-7D77-44C0B61786AF" value="true"/>
</engineerTo>
<pk>true</pk>
<usedAttributes>
<attributeRef>5C6CC121-BD2B-0593-5C81-6BF9C5A103E0</attributeRef>
<attributeRef>E775ADD3-C75A-6662-CA44-5609E4D015C7</attributeRef>
</usedAttributes>
</identifier>
</identifiers>
</Entity>