<?xml version = '1.0' encoding = 'UTF-8'?>
<Entity class="oracle.dbtools.crest.model.design.logical.Entity" directorySegmentName="seg_0" id="3B6F03EE-63AC-E70A-7E62-4E0A72A7C175" name="Transaction">
<createdBy>zoran.kovacevic</createdBy>
<createdTime>2019-01-30 16:03:18 UTC</createdTime>
<ownerDesignName>Online Banking System</ownerDesignName>
<engineerTo>
<item key="FCD79AF2-33BC-B959-7D77-44C0B61786AF" value="true"/>
</engineerTo>
<adequatelyNormalized>NO</adequatelyNormalized>
<expectedVolumes>0</expectedVolumes>
<fwdEngineeringStrategyName>Single Table</fwdEngineeringStrategyName>
<growthPercent>0</growthPercent>
<growthType>Year</growthType>
<maxVolumes>9999999</maxVolumes>
<minVolumes>0</minVolumes>
<normalForm>Third</normalForm>
<attributes itemClass="oracle.dbtools.crest.model.design.logical.Attribute">
<Attribute name="Deposit" id="FCB2E2E5-2A5B-C06D-5FCC-0B9EBB7B5C9B">
<createdBy>zoran.kovacevic</createdBy>
<createdTime>2019-01-30 16:06:21 UTC</createdTime>
<ownerDesignName>Online Banking System</ownerDesignName>
<engineerTo>
<item key="FCD79AF2-33BC-B959-7D77-44C0B61786AF" value="true"/>
</engineerTo>
<useDomainConstraints>false</useDomainConstraints>
<use>1</use>
<logicalDatatype>LOGDT006</logicalDatatype>
<dataTypeSize>1</dataTypeSize>
<ownDataTypeParameters>1,,</ownDataTypeParameters>
</Attribute>
<Attribute name="Withdrawal" id="E6762FCD-2AE7-6A8C-5ABA-31ACCABC981F">
<createdBy>zoran.kovacevic</createdBy>
<createdTime>2019-01-30 16:06:46 UTC</createdTime>
<ownerDesignName>Online Banking System</ownerDesignName>
<engineerTo>
<item key="FCD79AF2-33BC-B959-7D77-44C0B61786AF" value="true"/>
</engineerTo>
<useDomainConstraints>false</useDomainConstraints>
<use>1</use>
<logicalDatatype>LOGDT006</logicalDatatype>
<dataTypeSize>1</dataTypeSize>
<ownDataTypeParameters>1,,</ownDataTypeParameters>
</Attribute>
<Attribute name="StateID" id="EB83DAFF-4A39-FE20-60A1-B467D9940F17">
<createdBy>ROBOTECH</createdBy>
<createdTime>2019-01-30 22:09:33 UTC</createdTime>
<generatorID>BC68D7E7-38E4-80B9-F32B-857B5761D749</generatorID>
<ownerDesignName>Online Banking System</ownerDesignName>
<engineerTo>
<item key="FCD79AF2-33BC-B959-7D77-44C0B61786AF" value="true"/>
</engineerTo>
<referedAttribute>B7AB3776-71D2-024B-FEA7-9E69F178D270</referedAttribute>
<useDomainConstraints>false</useDomainConstraints>
<use>1</use>
<logicalDatatype>LOGDT024</logicalDatatype>
<dataTypeSize>50</dataTypeSize>
<ownDataTypeParameters>,,</ownDataTypeParameters>
</Attribute>
</attributes>
<identifiers itemClass="oracle.dbtools.crest.model.design.logical.CandidateKey">
<identifier id="B7B4ED4E-3438-32F3-9682-A620F06030A4" name="Transaction PK">
<createdBy>zoran.kovacevic</createdBy>
<createdTime>2019-01-30 16:17:52 UTC</createdTime>
<ownerDesignName>Online Banking System</ownerDesignName>
<engineerTo>
<item key="FCD79AF2-33BC-B959-7D77-44C0B61786AF" value="true"/>
</engineerTo>
<pk>true</pk>
<usedAttributes>
<attributeRef>FCB2E2E5-2A5B-C06D-5FCC-0B9EBB7B5C9B</attributeRef>
<attributeRef>E6762FCD-2AE7-6A8C-5ABA-31ACCABC981F</attributeRef>
</usedAttributes>
</identifier>
</identifiers>
</Entity>