<?xml version = '1.0' encoding = 'UTF-8'?>
<Entity class="oracle.dbtools.crest.model.design.logical.Entity" directorySegmentName="seg_0" id="7B75CAFE-6091-61A5-20E0-774EF4261ED3" name="Client">
<createdBy>zoran.kovacevic</createdBy>
<createdTime>2019-01-30 15:47:47 UTC</createdTime>
<ownerDesignName>Online Banking System</ownerDesignName>
<engineerTo>
<item key="FCD79AF2-33BC-B959-7D77-44C0B61786AF" value="true"/>
</engineerTo>
<adequatelyNormalized>NO</adequatelyNormalized>
<expectedVolumes>0</expectedVolumes>
<fwdEngineeringStrategyName>Single Table</fwdEngineeringStrategyName>
<growthPercent>0</growthPercent>
<growthType>Year</growthType>
<maxVolumes>9999999</maxVolumes>
<minVolumes>0</minVolumes>
<normalForm>Third</normalForm>
<attributes itemClass="oracle.dbtools.crest.model.design.logical.Attribute">
<Attribute name="ClientID" id="B30B009A-9C70-E61C-ECF2-C1FEBC31E594">
<createdBy>zoran.kovacevic</createdBy>
<createdTime>2019-01-30 15:48:11 UTC</createdTime>
<ownerDesignName>Online Banking System</ownerDesignName>
<engineerTo>
<item key="FCD79AF2-33BC-B959-7D77-44C0B61786AF" value="true"/>
</engineerTo>
<use>0</use>
<ownDataTypeParameters>,,</ownDataTypeParameters>
</Attribute>
<Attribute name="FirstName" id="31E11B00-0994-8499-D5B8-93EC32C5878C">
<createdBy>zoran.kovacevic</createdBy>
<createdTime>2019-01-30 15:57:49 UTC</createdTime>
<ownerDesignName>Online Banking System</ownerDesignName>
<engineerTo>
<item key="FCD79AF2-33BC-B959-7D77-44C0B61786AF" value="true"/>
</engineerTo>
<useDomainConstraints>false</useDomainConstraints>
<use>1</use>
<logicalDatatype>LOGDT024</logicalDatatype>
<dataTypeSize>50</dataTypeSize>
<ownDataTypeParameters>50,,</ownDataTypeParameters>
</Attribute>
<Attribute name="Lastname" id="B1C927B3-61FD-C80B-C3F4-67127FF1E5C2">
<createdBy>zoran.kovacevic</createdBy>
<createdTime>2019-01-30 15:58:04 UTC</createdTime>
<ownerDesignName>Online Banking System</ownerDesignName>
<engineerTo>
<item key="FCD79AF2-33BC-B959-7D77-44C0B61786AF" value="true"/>
</engineerTo>
<useDomainConstraints>false</useDomainConstraints>
<use>1</use>
<logicalDatatype>LOGDT024</logicalDatatype>
<dataTypeSize>50</dataTypeSize>
<ownDataTypeParameters>50,,</ownDataTypeParameters>
</Attribute>
<Attribute name="StreetAddress" id="2B27AFED-C520-5E17-1549-6485305A1C91">
<createdBy>ROBOTECH</createdBy>
<createdTime>2019-01-30 22:04:14 UTC</createdTime>
<generatorID>AB532F00-9660-6C3A-4938-F1CBD739386A</generatorID>
<ownerDesignName>Online Banking System</ownerDesignName>
<engineerTo>
<item key="FCD79AF2-33BC-B959-7D77-44C0B61786AF" value="true"/>
</engineerTo>
<referedAttribute>5C6CC121-BD2B-0593-5C81-6BF9C5A103E0</referedAttribute>
<useDomainConstraints>false</useDomainConstraints>
<use>1</use>
<logicalDatatype>LOGDT024</logicalDatatype>
<dataTypeSize>50</dataTypeSize>
<ownDataTypeParameters>,,</ownDataTypeParameters>
</Attribute>
<Attribute name="StateID" id="ED1C8390-220F-FED8-BA7D-8AE4386E49E5">
<createdBy>ROBOTECH</createdBy>
<createdTime>2019-01-30 22:08:13 UTC</createdTime>
<generatorID>AB532F00-9660-6C3A-4938-F1CBD739386A</generatorID>
<ownerDesignName>Online Banking System</ownerDesignName>
<engineerTo>
<item key="FCD79AF2-33BC-B959-7D77-44C0B61786AF" value="true"/>
</engineerTo>
<referedAttribute>E775ADD3-C75A-6662-CA44-5609E4D015C7</referedAttribute>
<useDomainConstraints>false</useDomainConstraints>
<use>1</use>
<logicalDatatype>LOGDT024</logicalDatatype>
<dataTypeSize>50</dataTypeSize>
<ownDataTypeParameters>,,</ownDataTypeParameters>
</Attribute>
</attributes>
<identifiers itemClass="oracle.dbtools.crest.model.design.logical.CandidateKey">
<identifier id="A76EB8CA-0760-BFF9-2708-03C5697DE2AF" name="Client PK">
<createdBy>zoran.kovacevic</createdBy>
<createdTime>2019-01-30 16:02:46 UTC</createdTime>
<ownerDesignName>Online Banking System</ownerDesignName>
<engineerTo>
<item key="FCD79AF2-33BC-B959-7D77-44C0B61786AF" value="true"/>
</engineerTo>
<pk>true</pk>
<usedAttributes>
<attributeRef>B30B009A-9C70-E61C-ECF2-C1FEBC31E594</attributeRef>
</usedAttributes>
</identifier>
</identifiers>
</Entity>