<?xml version = '1.0' encoding = 'UTF-8'?>
<Entity class="oracle.dbtools.crest.model.design.logical.Entity" directorySegmentName="seg_0" id="9118ECD5-532C-BEE9-32B8-772FA7E0D5E7" name="Curency">
<createdBy>ROBOTECH</createdBy>
<createdTime>2019-01-30 21:57:48 UTC</createdTime>
<ownerDesignName>Online Banking System</ownerDesignName>
<engineerTo>
<item key="FCD79AF2-33BC-B959-7D77-44C0B61786AF" value="true"/>
</engineerTo>
<adequatelyNormalized>NO</adequatelyNormalized>
<expectedVolumes>0</expectedVolumes>
<fwdEngineeringStrategyName>Single Table</fwdEngineeringStrategyName>
<growthPercent>0</growthPercent>
<growthType>Year</growthType>
<maxVolumes>9999999</maxVolumes>
<minVolumes>0</minVolumes>
<normalForm>Third</normalForm>
<attributes itemClass="oracle.dbtools.crest.model.design.logical.Attribute">
<Attribute name="CurencyID" id="B22CA438-2550-7DF3-D377-3B5938E86FD4">
<createdBy>ROBOTECH</createdBy>
<createdTime>2019-01-30 21:57:59 UTC</createdTime>
<ownerDesignName>Online Banking System</ownerDesignName>
<engineerTo>
<item key="FCD79AF2-33BC-B959-7D77-44C0B61786AF" value="true"/>
</engineerTo>
<useDomainConstraints>false</useDomainConstraints>
<use>1</use>
<logicalDatatype>LOGDT011</logicalDatatype>
<ownDataTypeParameters>,,</ownDataTypeParameters>
</Attribute>
<Attribute name="USD" id="C16CD6D3-95D6-BD83-07D5-C4FAC52B0B90">
<createdBy>ROBOTECH</createdBy>
<createdTime>2019-01-30 21:58:17 UTC</createdTime>
<ownerDesignName>Online Banking System</ownerDesignName>
<engineerTo>
<item key="FCD79AF2-33BC-B959-7D77-44C0B61786AF" value="true"/>
</engineerTo>
<nullsAllowed>true</nullsAllowed>
<useDomainConstraints>false</useDomainConstraints>
<use>1</use>
<logicalDatatype>LOGDT020</logicalDatatype>
<dataTypePrecision>2</dataTypePrecision>
<ownDataTypeParameters>,2,</ownDataTypeParameters>
</Attribute>
<Attribute name="RSD" id="9E6B01A2-8B18-B451-791D-E438766FD70C">
<createdBy>ROBOTECH</createdBy>
<createdTime>2019-01-30 21:58:32 UTC</createdTime>
<ownerDesignName>Online Banking System</ownerDesignName>
<engineerTo>
<item key="FCD79AF2-33BC-B959-7D77-44C0B61786AF" value="true"/>
</engineerTo>
<nullsAllowed>true</nullsAllowed>
<useDomainConstraints>false</useDomainConstraints>
<use>1</use>
<logicalDatatype>LOGDT020</logicalDatatype>
<dataTypePrecision>2</dataTypePrecision>
<ownDataTypeParameters>,2,</ownDataTypeParameters>
</Attribute>
<Attribute name="EUR" id="57F449DD-1588-D610-9630-13DBC95DA00C">
<createdBy>ROBOTECH</createdBy>
<createdTime>2019-01-30 21:58:47 UTC</createdTime>
<ownerDesignName>Online Banking System</ownerDesignName>
<engineerTo>
<item key="FCD79AF2-33BC-B959-7D77-44C0B61786AF" value="true"/>
</engineerTo>
<nullsAllowed>true</nullsAllowed>
<useDomainConstraints>false</useDomainConstraints>
<use>1</use>
<logicalDatatype>LOGDT020</logicalDatatype>
<dataTypePrecision>2</dataTypePrecision>
<ownDataTypeParameters>,2,</ownDataTypeParameters>
</Attribute>
<Attribute name="Deposit" id="6742D651-F152-C202-9FC9-AC0CAE9E13A4">
<createdBy>ROBOTECH</createdBy>
<createdTime>2019-01-30 22:10:16 UTC</createdTime>
<generatorID>427DEF9C-2D3C-8C2C-0828-B741E7E9D0B9</generatorID>
<ownerDesignName>Online Banking System</ownerDesignName>
<engineerTo>
<item key="FCD79AF2-33BC-B959-7D77-44C0B61786AF" value="true"/>
</engineerTo>
<referedAttribute>FCB2E2E5-2A5B-C06D-5FCC-0B9EBB7B5C9B</referedAttribute>
<useDomainConstraints>false</useDomainConstraints>
<use>1</use>
<logicalDatatype>LOGDT006</logicalDatatype>
<dataTypeSize>1</dataTypeSize>
<ownDataTypeParameters>,,</ownDataTypeParameters>
</Attribute>
<Attribute name="Withdrawal" id="E52B16BF-97C4-3500-4CF3-04D4897C282A">
<createdBy>ROBOTECH</createdBy>
<createdTime>2019-01-30 22:10:16 UTC</createdTime>
<generatorID>427DEF9C-2D3C-8C2C-0828-B741E7E9D0B9</generatorID>
<ownerDesignName>Online Banking System</ownerDesignName>
<engineerTo>
<item key="FCD79AF2-33BC-B959-7D77-44C0B61786AF" value="true"/>
</engineerTo>
<referedAttribute>E6762FCD-2AE7-6A8C-5ABA-31ACCABC981F</referedAttribute>
<useDomainConstraints>false</useDomainConstraints>
<use>1</use>
<logicalDatatype>LOGDT006</logicalDatatype>
<dataTypeSize>1</dataTypeSize>
<ownDataTypeParameters>,,</ownDataTypeParameters>
</Attribute>
</attributes>
<identifiers itemClass="oracle.dbtools.crest.model.design.logical.CandidateKey">
<identifier id="1FECFF81-B4ED-6882-4016-78469B38B711" name="Curency PK">
<createdBy>ROBOTECH</createdBy>
<createdTime>2019-01-30 21:58:15 UTC</createdTime>
<ownerDesignName>Online Banking System</ownerDesignName>
<engineerTo>
<item key="FCD79AF2-33BC-B959-7D77-44C0B61786AF" value="true"/>
</engineerTo>
<pk>true</pk>
<usedAttributes>
<attributeRef>B22CA438-2550-7DF3-D377-3B5938E86FD4</attributeRef>
<attributeRef>6742D651-F152-C202-9FC9-AC0CAE9E13A4</attributeRef>
<attributeRef>E52B16BF-97C4-3500-4CF3-04D4897C282A</attributeRef>
</usedAttributes>
</identifier>
</identifiers>
</Entity>