<?xml version = '1.0' encoding = 'UTF-8'?>
<Entity class="oracle.dbtools.crest.model.design.logical.Entity" directorySegmentName="seg_0" id="9D91EF74-A3A8-5A6D-B308-74B0DAC03EDA" name="Account">
<createdBy>zoran.kovacevic</createdBy>
<createdTime>2019-01-30 15:55:35 UTC</createdTime>
<ownerDesignName>Online Banking System</ownerDesignName>
<engineerTo>
<item key="FCD79AF2-33BC-B959-7D77-44C0B61786AF" value="true"/>
</engineerTo>
<adequatelyNormalized>NO</adequatelyNormalized>
<expectedVolumes>0</expectedVolumes>
<fwdEngineeringStrategyName>Single Table</fwdEngineeringStrategyName>
<growthPercent>0</growthPercent>
<growthType>Year</growthType>
<maxVolumes>9999999</maxVolumes>
<minVolumes>0</minVolumes>
<normalForm>Third</normalForm>
<attributes itemClass="oracle.dbtools.crest.model.design.logical.Attribute">
<Attribute name="AccountID" id="04C94E37-802A-A529-D413-52264201B764">
<createdBy>zoran.kovacevic</createdBy>
<createdTime>2019-01-30 16:02:28 UTC</createdTime>
<ownerDesignName>Online Banking System</ownerDesignName>
<engineerTo>
<item key="FCD79AF2-33BC-B959-7D77-44C0B61786AF" value="true"/>
</engineerTo>
<useDomainConstraints>false</useDomainConstraints>
<use>1</use>
<logicalDatatype>LOGDT011</logicalDatatype>
<ownDataTypeParameters>,,</ownDataTypeParameters>
</Attribute>
<Attribute name="CustomerName" id="4F300A68-FD71-E6E8-F7C6-6B2D4382D83F">
<createdBy>zoran.kovacevic</createdBy>
<createdTime>2019-01-30 16:34:02 UTC</createdTime>
<ownerDesignName>Online Banking System</ownerDesignName>
<engineerTo>
<item key="FCD79AF2-33BC-B959-7D77-44C0B61786AF" value="true"/>
</engineerTo>
<useDomainConstraints>false</useDomainConstraints>
<use>1</use>
<logicalDatatype>LOGDT024</logicalDatatype>
<dataTypeSize>50</dataTypeSize>
<ownDataTypeParameters>50,,</ownDataTypeParameters>
</Attribute>
<Attribute name="CustomerSurname" id="4F2A6E65-73E5-F477-DD29-90616D7D1349">
<createdBy>zoran.kovacevic</createdBy>
<createdTime>2019-01-30 16:34:31 UTC</createdTime>
<ownerDesignName>Online Banking System</ownerDesignName>
<engineerTo>
<item key="FCD79AF2-33BC-B959-7D77-44C0B61786AF" value="true"/>
</engineerTo>
<useDomainConstraints>false</useDomainConstraints>
<use>1</use>
<logicalDatatype>LOGDT024</logicalDatatype>
<dataTypeSize>50</dataTypeSize>
<ownDataTypeParameters>50,,</ownDataTypeParameters>
</Attribute>
<Attribute name="CustomerAddress" id="DD56D7FD-A766-60D0-62CD-1C5A780FA685">
<createdBy>zoran.kovacevic</createdBy>
<createdTime>2019-01-30 16:35:00 UTC</createdTime>
<ownerDesignName>Online Banking System</ownerDesignName>
<engineerTo>
<item key="FCD79AF2-33BC-B959-7D77-44C0B61786AF" value="true"/>
</engineerTo>
<useDomainConstraints>false</useDomainConstraints>
<use>1</use>
<logicalDatatype>LOGDT024</logicalDatatype>
<dataTypeSize>50</dataTypeSize>
<ownDataTypeParameters>50,,</ownDataTypeParameters>
</Attribute>
<Attribute name="CurencyID" id="8F9767F2-E7D7-C55A-1845-0F5EC4ECD40C">
<createdBy>ROBOTECH</createdBy>
<createdTime>2019-01-30 22:12:46 UTC</createdTime>
<generatorID>1F05506A-26EE-A32F-53B8-DAEF6BE192B2</generatorID>
<ownerDesignName>Online Banking System</ownerDesignName>
<engineerTo>
<item key="FCD79AF2-33BC-B959-7D77-44C0B61786AF" value="true"/>
</engineerTo>
<referedAttribute>B22CA438-2550-7DF3-D377-3B5938E86FD4</referedAttribute>
<useDomainConstraints>false</useDomainConstraints>
<use>1</use>
<logicalDatatype>LOGDT011</logicalDatatype>
<ownDataTypeParameters>,,</ownDataTypeParameters>
</Attribute>
<Attribute name="Deposit" id="A31A39B0-15F2-1CC0-325E-7998221D540D">
<createdBy>ROBOTECH</createdBy>
<createdTime>2019-01-30 22:12:46 UTC</createdTime>
<generatorID>1F05506A-26EE-A32F-53B8-DAEF6BE192B2</generatorID>
<ownerDesignName>Online Banking System</ownerDesignName>
<engineerTo>
<item key="FCD79AF2-33BC-B959-7D77-44C0B61786AF" value="true"/>
</engineerTo>
<referedAttribute>6742D651-F152-C202-9FC9-AC0CAE9E13A4</referedAttribute>
<useDomainConstraints>false</useDomainConstraints>
<use>1</use>
<logicalDatatype>LOGDT006</logicalDatatype>
<dataTypeSize>1</dataTypeSize>
<ownDataTypeParameters>,,</ownDataTypeParameters>
</Attribute>
<Attribute name="Withdrawal" id="C44E252F-C133-1A31-B168-F3836595F00E">
<createdBy>ROBOTECH</createdBy>
<createdTime>2019-01-30 22:12:46 UTC</createdTime>
<generatorID>1F05506A-26EE-A32F-53B8-DAEF6BE192B2</generatorID>
<ownerDesignName>Online Banking System</ownerDesignName>
<engineerTo>
<item key="FCD79AF2-33BC-B959-7D77-44C0B61786AF" value="true"/>
</engineerTo>
<referedAttribute>E52B16BF-97C4-3500-4CF3-04D4897C282A</referedAttribute>
<useDomainConstraints>false</useDomainConstraints>
<use>1</use>
<logicalDatatype>LOGDT006</logicalDatatype>
<dataTypeSize>1</dataTypeSize>
<ownDataTypeParameters>,,</ownDataTypeParameters>
</Attribute>
</attributes>
<identifiers itemClass="oracle.dbtools.crest.model.design.logical.CandidateKey">
<identifier id="58BA6DC6-3028-5BCD-5219-8135E0B19067" name="Account PK">
<createdBy>zoran.kovacevic</createdBy>
<createdTime>2019-01-30 16:02:40 UTC</createdTime>
<ownerDesignName>Online Banking System</ownerDesignName>
<engineerTo>
<item key="FCD79AF2-33BC-B959-7D77-44C0B61786AF" value="true"/>
</engineerTo>
<pk>true</pk>
<usedAttributes>
<attributeRef>04C94E37-802A-A529-D413-52264201B764</attributeRef>
<attributeRef>8F9767F2-E7D7-C55A-1845-0F5EC4ECD40C</attributeRef>
<attributeRef>A31A39B0-15F2-1CC0-325E-7998221D540D</attributeRef>
<attributeRef>C44E252F-C133-1A31-B168-F3836595F00E</attributeRef>
</usedAttributes>
</identifier>
</identifiers>
</Entity>