<?xml version = '1.0' encoding = 'UTF-8'?>
<Entity class="oracle.dbtools.crest.model.design.logical.Entity" directorySegmentName="seg_0" id="170F4918-0D0D-6743-0371-11461617CC9B" name="Client">
<createdBy>zoran.kovacevic</createdBy>
<createdTime>2019-01-30 14:47:15 UTC</createdTime>
<ownerDesignName>Library</ownerDesignName>
<engineerTo>
<item key="11AF6788-34DC-98F5-38F6-96ACA650B215" value="true"/>
</engineerTo>
<adequatelyNormalized>NO</adequatelyNormalized>
<expectedVolumes>0</expectedVolumes>
<fwdEngineeringStrategyName>Single Table</fwdEngineeringStrategyName>
<growthPercent>0</growthPercent>
<growthType>Year</growthType>
<maxVolumes>9999999</maxVolumes>
<minVolumes>0</minVolumes>
<normalForm>Third</normalForm>
<attributes itemClass="oracle.dbtools.crest.model.design.logical.Attribute">
<Attribute name="ClientID" id="92F0B935-00A6-077B-D773-6C46D00F04AB">
<createdBy>zoran.kovacevic</createdBy>
<createdTime>2019-01-30 14:47:20 UTC</createdTime>
<ownerDesignName>Library</ownerDesignName>
<engineerTo>
<item key="11AF6788-34DC-98F5-38F6-96ACA650B215" value="true"/>
</engineerTo>
<useDomainConstraints>false</useDomainConstraints>
<use>1</use>
<logicalDatatype>LOGDT011</logicalDatatype>
<ownDataTypeParameters>,,</ownDataTypeParameters>
</Attribute>
<Attribute name="FirstName" id="0A3703C5-EF01-5399-B48A-1EFC24177C47">
<createdBy>zoran.kovacevic</createdBy>
<createdTime>2019-01-30 14:47:32 UTC</createdTime>
<ownerDesignName>Library</ownerDesignName>
<engineerTo>
<item key="11AF6788-34DC-98F5-38F6-96ACA650B215" value="true"/>
</engineerTo>
<useDomainConstraints>false</useDomainConstraints>
<use>1</use>
<logicalDatatype>LOGDT024</logicalDatatype>
<dataTypeSize>50</dataTypeSize>
<ownDataTypeParameters>50,,</ownDataTypeParameters>
</Attribute>
<Attribute name="Surname" id="B8DAC005-AA76-44CF-3EAF-D795A482B40B">
<createdBy>zoran.kovacevic</createdBy>
<createdTime>2019-01-30 14:47:49 UTC</createdTime>
<ownerDesignName>Library</ownerDesignName>
<engineerTo>
<item key="11AF6788-34DC-98F5-38F6-96ACA650B215" value="true"/>
</engineerTo>
<useDomainConstraints>false</useDomainConstraints>
<use>1</use>
<logicalDatatype>LOGDT024</logicalDatatype>
<dataTypeSize>50</dataTypeSize>
<ownDataTypeParameters>50,,</ownDataTypeParameters>
</Attribute>
</attributes>
<identifiers itemClass="oracle.dbtools.crest.model.design.logical.CandidateKey">
<identifier id="BAD062C3-1582-7CF0-F752-9BFBFBF2FECE" name="Client PK">
<createdBy>zoran.kovacevic</createdBy>
<createdTime>2019-01-30 15:09:53 UTC</createdTime>
<ownerDesignName>Library</ownerDesignName>
<engineerTo>
<item key="11AF6788-34DC-98F5-38F6-96ACA650B215" value="true"/>
</engineerTo>
<pk>true</pk>
<usedAttributes>
<attributeRef>92F0B935-00A6-077B-D773-6C46D00F04AB</attributeRef>
</usedAttributes>
</identifier>
</identifiers>
</Entity>