<?xml version = '1.0' encoding = 'UTF-8'?>
<Entity class="oracle.dbtools.crest.model.design.logical.Entity" directorySegmentName="seg_0" id="4856BB53-0803-BC3E-7F77-104E85D1C568" name="Publisher">
<createdBy>zoran.kovacevic</createdBy>
<createdTime>2019-01-30 14:57:28 UTC</createdTime>
<ownerDesignName>Library</ownerDesignName>
<engineerTo>
<item key="11AF6788-34DC-98F5-38F6-96ACA650B215" value="true"/>
</engineerTo>
<adequatelyNormalized>NO</adequatelyNormalized>
<expectedVolumes>0</expectedVolumes>
<fwdEngineeringStrategyName>Single Table</fwdEngineeringStrategyName>
<growthPercent>0</growthPercent>
<growthType>Year</growthType>
<maxVolumes>9999999</maxVolumes>
<minVolumes>0</minVolumes>
<normalForm>Third</normalForm>
<attributes itemClass="oracle.dbtools.crest.model.design.logical.Attribute">
<Attribute name="PublisherID" id="700E139C-5F31-92F4-CA8B-E4E41231B646">
<createdBy>zoran.kovacevic</createdBy>
<createdTime>2019-01-30 15:00:53 UTC</createdTime>
<ownerDesignName>Library</ownerDesignName>
<engineerTo>
<item key="11AF6788-34DC-98F5-38F6-96ACA650B215" value="true"/>
</engineerTo>
<useDomainConstraints>false</useDomainConstraints>
<use>1</use>
<logicalDatatype>LOGDT011</logicalDatatype>
<ownDataTypeParameters>,,</ownDataTypeParameters>
</Attribute>
<Attribute name="PublisherName" id="7463FFBD-AE09-35E1-EAE4-6CC96695FC4F">
<createdBy>zoran.kovacevic</createdBy>
<createdTime>2019-01-30 14:57:36 UTC</createdTime>
<ownerDesignName>Library</ownerDesignName>
<engineerTo>
<item key="11AF6788-34DC-98F5-38F6-96ACA650B215" value="true"/>
</engineerTo>
<nullsAllowed>true</nullsAllowed>
<useDomainConstraints>false</useDomainConstraints>
<use>1</use>
<logicalDatatype>LOGDT024</logicalDatatype>
<dataTypeSize>50</dataTypeSize>
<ownDataTypeParameters>50,,</ownDataTypeParameters>
</Attribute>
</attributes>
<identifiers itemClass="oracle.dbtools.crest.model.design.logical.CandidateKey">
<identifier id="09C90C88-1306-F171-5335-F21718B9C121" name="Publisher PK">
<createdBy>zoran.kovacevic</createdBy>
<createdTime>2019-01-30 15:09:10 UTC</createdTime>
<ownerDesignName>Library</ownerDesignName>
<engineerTo>
<item key="11AF6788-34DC-98F5-38F6-96ACA650B215" value="true"/>
</engineerTo>
<pk>true</pk>
<usedAttributes>
<attributeRef>700E139C-5F31-92F4-CA8B-E4E41231B646</attributeRef>
</usedAttributes>
</identifier>
</identifiers>
</Entity>