<?xml version = '1.0' encoding = 'UTF-8'?>
<Entity class="oracle.dbtools.crest.model.design.logical.Entity" directorySegmentName="seg_0" id="89CF7FCC-1F1F-FDF9-4356-7D059DDC4E67" name="Author">
<createdBy>zoran.kovacevic</createdBy>
<createdTime>2019-01-30 14:40:57 UTC</createdTime>
<ownerDesignName>Library</ownerDesignName>
<engineerTo>
<item key="11AF6788-34DC-98F5-38F6-96ACA650B215" value="true"/>
</engineerTo>
<adequatelyNormalized>NO</adequatelyNormalized>
<expectedVolumes>0</expectedVolumes>
<fwdEngineeringStrategyName>Single Table</fwdEngineeringStrategyName>
<growthPercent>0</growthPercent>
<growthType>Year</growthType>
<maxVolumes>9999999</maxVolumes>
<minVolumes>0</minVolumes>
<normalForm>Third</normalForm>
<attributes itemClass="oracle.dbtools.crest.model.design.logical.Attribute">
<Attribute name="AuthorID" id="2195FFEC-4BD1-274A-4D8A-839C89E76C38">
<createdBy>zoran.kovacevic</createdBy>
<createdTime>2019-01-30 14:41:49 UTC</createdTime>
<ownerDesignName>Library</ownerDesignName>
<engineerTo>
<item key="11AF6788-34DC-98F5-38F6-96ACA650B215" value="true"/>
</engineerTo>
<useDomainConstraints>false</useDomainConstraints>
<use>1</use>
<logicalDatatype>LOGDT011</logicalDatatype>
<ownDataTypeParameters>,,</ownDataTypeParameters>
</Attribute>
<Attribute name="FirstName" id="EE6F680F-9202-BDDE-FA7C-F7E62D8291D1">
<createdBy>zoran.kovacevic</createdBy>
<createdTime>2019-01-30 14:42:10 UTC</createdTime>
<ownerDesignName>Library</ownerDesignName>
<engineerTo>
<item key="11AF6788-34DC-98F5-38F6-96ACA650B215" value="true"/>
</engineerTo>
<useDomainConstraints>false</useDomainConstraints>
<use>1</use>
<logicalDatatype>LOGDT024</logicalDatatype>
<dataTypeSize>50</dataTypeSize>
<ownDataTypeParameters>50,,</ownDataTypeParameters>
</Attribute>
<Attribute name="Surname" id="52D1E904-3C55-3EE3-74A8-97A8CAA40F83">
<createdBy>zoran.kovacevic</createdBy>
<createdTime>2019-01-30 14:43:20 UTC</createdTime>
<ownerDesignName>Library</ownerDesignName>
<engineerTo>
<item key="11AF6788-34DC-98F5-38F6-96ACA650B215" value="true"/>
</engineerTo>
<useDomainConstraints>false</useDomainConstraints>
<use>1</use>
<logicalDatatype>LOGDT024</logicalDatatype>
<dataTypeSize>50</dataTypeSize>
<ownDataTypeParameters>50,,</ownDataTypeParameters>
</Attribute>
<Attribute name="Nationality" id="A5FAC2CB-2C60-B964-BD95-1EFAE49DC9F1">
<createdBy>zoran.kovacevic</createdBy>
<createdTime>2019-01-30 14:43:49 UTC</createdTime>
<ownerDesignName>Library</ownerDesignName>
<engineerTo>
<item key="11AF6788-34DC-98F5-38F6-96ACA650B215" value="true"/>
</engineerTo>
<nullsAllowed>true</nullsAllowed>
<useDomainConstraints>false</useDomainConstraints>
<use>1</use>
<logicalDatatype>LOGDT024</logicalDatatype>
<dataTypeSize>50</dataTypeSize>
<ownDataTypeParameters>50,,</ownDataTypeParameters>
</Attribute>
</attributes>
<identifiers itemClass="oracle.dbtools.crest.model.design.logical.CandidateKey">
<identifier id="4336FCEC-D9A3-5729-063D-EF6738EF6687" name="Author PK">
<createdBy>zoran.kovacevic</createdBy>
<createdTime>2019-01-30 15:09:32 UTC</createdTime>
<ownerDesignName>Library</ownerDesignName>
<engineerTo>
<item key="11AF6788-34DC-98F5-38F6-96ACA650B215" value="true"/>
</engineerTo>
<pk>true</pk>
<newElementsIDs>2195FFEC-4BD1-274A-4D8A-839C89E76C38</newElementsIDs>
<usedAttributes>
<attributeRef>2195FFEC-4BD1-274A-4D8A-839C89E76C38</attributeRef>
</usedAttributes>
</identifier>
</identifiers>
</Entity>