<?xml version = '1.0' encoding = 'UTF-8'?>
<Entity class="oracle.dbtools.crest.model.design.logical.Entity" directorySegmentName="seg_0" id="BE1E7A5B-13D4-1534-9336-3760879D3DDD" name="Book">
<createdBy>zoran.kovacevic</createdBy>
<createdTime>2019-01-30 14:46:01 UTC</createdTime>
<ownerDesignName>Library</ownerDesignName>
<engineerTo>
<item key="11AF6788-34DC-98F5-38F6-96ACA650B215" value="true"/>
</engineerTo>
<adequatelyNormalized>NO</adequatelyNormalized>
<expectedVolumes>0</expectedVolumes>
<fwdEngineeringStrategyName>Single Table</fwdEngineeringStrategyName>
<growthPercent>0</growthPercent>
<growthType>Year</growthType>
<maxVolumes>9999999</maxVolumes>
<minVolumes>0</minVolumes>
<normalForm>Third</normalForm>
<attributes itemClass="oracle.dbtools.crest.model.design.logical.Attribute">
<Attribute name="BookID" id="12BBFFFD-9A79-3484-37B3-345F147D67DF">
<createdBy>zoran.kovacevic</createdBy>
<createdTime>2019-01-30 14:46:07 UTC</createdTime>
<ownerDesignName>Library</ownerDesignName>
<engineerTo>
<item key="11AF6788-34DC-98F5-38F6-96ACA650B215" value="true"/>
</engineerTo>
<useDomainConstraints>false</useDomainConstraints>
<use>1</use>
<logicalDatatype>LOGDT011</logicalDatatype>
<ownDataTypeParameters>,,</ownDataTypeParameters>
</Attribute>
<Attribute name="BookName" id="A4726E42-DF75-E3D8-056C-5E9EEB3904B4">
<createdBy>zoran.kovacevic</createdBy>
<createdTime>2019-01-30 14:46:19 UTC</createdTime>
<ownerDesignName>Library</ownerDesignName>
<engineerTo>
<item key="11AF6788-34DC-98F5-38F6-96ACA650B215" value="true"/>
</engineerTo>
<useDomainConstraints>false</useDomainConstraints>
<use>1</use>
<logicalDatatype>LOGDT024</logicalDatatype>
<dataTypeSize>50</dataTypeSize>
<ownDataTypeParameters>50,,</ownDataTypeParameters>
</Attribute>
<Attribute name="NumberOfPages" id="B34DD7F0-6A66-47F2-6846-47FF29DF5760">
<createdBy>zoran.kovacevic</createdBy>
<createdTime>2019-01-30 14:46:34 UTC</createdTime>
<ownerDesignName>Library</ownerDesignName>
<engineerTo>
<item key="11AF6788-34DC-98F5-38F6-96ACA650B215" value="true"/>
</engineerTo>
<useDomainConstraints>false</useDomainConstraints>
<use>1</use>
<logicalDatatype>LOGDT011</logicalDatatype>
<ownDataTypeParameters>,,</ownDataTypeParameters>
</Attribute>
<Attribute name="Price" id="4A63D2FE-C293-7C81-2AF2-6229924646AD">
<createdBy>zoran.kovacevic</createdBy>
<createdTime>2019-01-30 14:49:33 UTC</createdTime>
<ownerDesignName>Library</ownerDesignName>
<engineerTo>
<item key="11AF6788-34DC-98F5-38F6-96ACA650B215" value="true"/>
</engineerTo>
<useDomainConstraints>false</useDomainConstraints>
<use>1</use>
<logicalDatatype>LOGDT020</logicalDatatype>
<dataTypePrecision>2</dataTypePrecision>
<ownDataTypeParameters>,2,</ownDataTypeParameters>
</Attribute>
<Attribute name="AvailableInStock" id="6440FABF-5AA6-91C5-6473-70AC44E6B008">
<createdBy>zoran.kovacevic</createdBy>
<createdTime>2019-01-30 14:49:46 UTC</createdTime>
<ownerDesignName>Library</ownerDesignName>
<engineerTo>
<item key="11AF6788-34DC-98F5-38F6-96ACA650B215" value="true"/>
</engineerTo>
<useDomainConstraints>false</useDomainConstraints>
<use>1</use>
<logicalDatatype>LOGDT011</logicalDatatype>
<ownDataTypeParameters>,,</ownDataTypeParameters>
</Attribute>
<Attribute name="PublisherID" id="2EF38529-3578-49FA-C867-6263559482A4">
<createdBy>zoran.kovacevic</createdBy>
<createdTime>2019-01-30 15:12:27 UTC</createdTime>
<generatorID>0426599F-F329-79FC-E2FF-AB07C9FC45BE</generatorID>
<ownerDesignName>Library</ownerDesignName>
<engineerTo>
<item key="11AF6788-34DC-98F5-38F6-96ACA650B215" value="true"/>
</engineerTo>
<referedAttribute>700E139C-5F31-92F4-CA8B-E4E41231B646</referedAttribute>
<useDomainConstraints>false</useDomainConstraints>
<use>1</use>
<logicalDatatype>LOGDT011</logicalDatatype>
<ownDataTypeParameters>,,</ownDataTypeParameters>
</Attribute>
<Attribute name="AuthorID" id="7A4E4000-37BE-ED24-8BCD-53511CE3A8F4">
<createdBy>zoran.kovacevic</createdBy>
<createdTime>2019-01-30 15:14:26 UTC</createdTime>
<generatorID>F692AF20-CE60-FBE5-8C01-7BEB09269ECC</generatorID>
<ownerDesignName>Library</ownerDesignName>
<engineerTo>
<item key="11AF6788-34DC-98F5-38F6-96ACA650B215" value="true"/>
</engineerTo>
<referedAttribute>2195FFEC-4BD1-274A-4D8A-839C89E76C38</referedAttribute>
<useDomainConstraints>false</useDomainConstraints>
<use>1</use>
<logicalDatatype>LOGDT011</logicalDatatype>
<ownDataTypeParameters>,,</ownDataTypeParameters>
</Attribute>
<Attribute name="ClientID" id="EC95D686-5E21-4D3F-DBE6-CAC0E8A7CEC6">
<createdBy>zoran.kovacevic</createdBy>
<createdTime>2019-01-30 15:20:09 UTC</createdTime>
<generatorID>B6F498CF-4814-0000-3CD2-598534332FF3</generatorID>
<ownerDesignName>Library</ownerDesignName>
<engineerTo>
<item key="11AF6788-34DC-98F5-38F6-96ACA650B215" value="true"/>
</engineerTo>
<referedAttribute>47D0C26F-D6E5-D6D9-F004-B917CAEF07EE</referedAttribute>
<useDomainConstraints>false</useDomainConstraints>
<use>1</use>
<logicalDatatype>LOGDT011</logicalDatatype>
<ownDataTypeParameters>,,</ownDataTypeParameters>
</Attribute>
<Attribute name="BorrowedDate" id="3A85BBD5-0A3B-8AA9-9AE2-C1EFA3797609">
<createdBy>zoran.kovacevic</createdBy>
<createdTime>2019-01-30 15:31:01 UTC</createdTime>
<generatorID>B6F498CF-4814-0000-3CD2-598534332FF3</generatorID>
<ownerDesignName>Library</ownerDesignName>
<engineerTo>
<item key="11AF6788-34DC-98F5-38F6-96ACA650B215" value="true"/>
</engineerTo>
<referedAttribute>C0B483F5-F2B1-8433-A44A-43C56C82D019</referedAttribute>
<useDomainConstraints>false</useDomainConstraints>
<use>1</use>
<logicalDatatype>LOGDT047</logicalDatatype>
<dataTypePrecision>4</dataTypePrecision>
<ownDataTypeParameters>,,</ownDataTypeParameters>
</Attribute>
<Attribute name="ReturnedDate" id="63208D83-9543-D746-47E5-30576E6C5BA6">
<createdBy>zoran.kovacevic</createdBy>
<createdTime>2019-01-30 15:31:02 UTC</createdTime>
<generatorID>B6F498CF-4814-0000-3CD2-598534332FF3</generatorID>
<ownerDesignName>Library</ownerDesignName>
<engineerTo>
<item key="11AF6788-34DC-98F5-38F6-96ACA650B215" value="true"/>
</engineerTo>
<referedAttribute>BEA0270A-F2F8-5C90-8BDF-231B7FCC988E</referedAttribute>
<useDomainConstraints>false</useDomainConstraints>
<use>1</use>
<logicalDatatype>LOGDT047</logicalDatatype>
<dataTypePrecision>4</dataTypePrecision>
<ownDataTypeParameters>,,</ownDataTypeParameters>
</Attribute>
</attributes>
<identifiers itemClass="oracle.dbtools.crest.model.design.logical.CandidateKey">
<identifier id="1A6D5533-EC43-05E3-504A-7FE3B53C7C3F" name="Book PK">
<createdBy>zoran.kovacevic</createdBy>
<createdTime>2019-01-30 15:09:45 UTC</createdTime>
<ownerDesignName>Library</ownerDesignName>
<engineerTo>
<item key="11AF6788-34DC-98F5-38F6-96ACA650B215" value="true"/>
</engineerTo>
<pk>true</pk>
<usedAttributes>
<attributeRef>12BBFFFD-9A79-3484-37B3-345F147D67DF</attributeRef>
<attributeRef>2EF38529-3578-49FA-C867-6263559482A4</attributeRef>
<attributeRef>7A4E4000-37BE-ED24-8BCD-53511CE3A8F4</attributeRef>
<attributeRef>EC95D686-5E21-4D3F-DBE6-CAC0E8A7CEC6</attributeRef>
<attributeRef>3A85BBD5-0A3B-8AA9-9AE2-C1EFA3797609</attributeRef>
<attributeRef>63208D83-9543-D746-47E5-30576E6C5BA6</attributeRef>
</usedAttributes>
</identifier>
</identifiers>
</Entity>