<?xml version = '1.0' encoding = 'UTF-8'?>
<Entity class="oracle.dbtools.crest.model.design.logical.Entity" directorySegmentName="seg_0" id="D73B32F3-1898-93C2-133D-87B04976A759" name="Transaction">
<createdBy>zoran.kovacevic</createdBy>
<createdTime>2019-01-30 14:51:42 UTC</createdTime>
<ownerDesignName>Library</ownerDesignName>
<engineerTo>
<item key="11AF6788-34DC-98F5-38F6-96ACA650B215" value="true"/>
</engineerTo>
<adequatelyNormalized>NO</adequatelyNormalized>
<expectedVolumes>0</expectedVolumes>
<fwdEngineeringStrategyName>Single Table</fwdEngineeringStrategyName>
<growthPercent>0</growthPercent>
<growthType>Year</growthType>
<maxVolumes>9999999</maxVolumes>
<minVolumes>0</minVolumes>
<normalForm>Third</normalForm>
<attributes itemClass="oracle.dbtools.crest.model.design.logical.Attribute">
<Attribute name="BorrowedDate" id="C0B483F5-F2B1-8433-A44A-43C56C82D019">
<createdBy>zoran.kovacevic</createdBy>
<createdTime>2019-01-30 15:23:29 UTC</createdTime>
<ownerDesignName>Library</ownerDesignName>
<engineerTo>
<item key="11AF6788-34DC-98F5-38F6-96ACA650B215" value="true"/>
</engineerTo>
<useDomainConstraints>false</useDomainConstraints>
<use>1</use>
<logicalDatatype>LOGDT047</logicalDatatype>
<dataTypePrecision>4</dataTypePrecision>
<ownDataTypeParameters>,4,</ownDataTypeParameters>
</Attribute>
<Attribute name="ReturnedDate" id="BEA0270A-F2F8-5C90-8BDF-231B7FCC988E">
<createdBy>zoran.kovacevic</createdBy>
<createdTime>2019-01-30 14:53:25 UTC</createdTime>
<ownerDesignName>Library</ownerDesignName>
<engineerTo>
<item key="11AF6788-34DC-98F5-38F6-96ACA650B215" value="true"/>
</engineerTo>
<useDomainConstraints>false</useDomainConstraints>
<use>1</use>
<logicalDatatype>LOGDT047</logicalDatatype>
<dataTypePrecision>4</dataTypePrecision>
<ownDataTypeParameters>,4,</ownDataTypeParameters>
</Attribute>
<Attribute name="Borrowed" id="85237C2A-C6C2-9C44-88DD-E7E014B533AB">
<createdBy>zoran.kovacevic</createdBy>
<createdTime>2019-01-30 14:51:48 UTC</createdTime>
<ownerDesignName>Library</ownerDesignName>
<engineerTo>
<item key="11AF6788-34DC-98F5-38F6-96ACA650B215" value="true"/>
</engineerTo>
<useDomainConstraints>false</useDomainConstraints>
<use>1</use>
<logicalDatatype>LOGDT006</logicalDatatype>
<dataTypeSize>1</dataTypeSize>
<ownDataTypeParameters>1,,</ownDataTypeParameters>
</Attribute>
<Attribute name="Returned" id="7B093A4E-35E4-319B-E213-B4790B7754B1">
<createdBy>zoran.kovacevic</createdBy>
<createdTime>2019-01-30 14:52:13 UTC</createdTime>
<ownerDesignName>Library</ownerDesignName>
<engineerTo>
<item key="11AF6788-34DC-98F5-38F6-96ACA650B215" value="true"/>
</engineerTo>
<useDomainConstraints>false</useDomainConstraints>
<use>1</use>
<logicalDatatype>LOGDT006</logicalDatatype>
<dataTypeSize>1</dataTypeSize>
<ownDataTypeParameters>1,,</ownDataTypeParameters>
</Attribute>
<Attribute name="ClientID" id="47D0C26F-D6E5-D6D9-F004-B917CAEF07EE">
<createdBy>zoran.kovacevic</createdBy>
<createdTime>2019-01-30 15:12:03 UTC</createdTime>
<generatorID>AF70A43E-A28A-5882-8D3A-579B08B1E63D</generatorID>
<ownerDesignName>Library</ownerDesignName>
<engineerTo>
<item key="11AF6788-34DC-98F5-38F6-96ACA650B215" value="true"/>
</engineerTo>
<referedAttribute>92F0B935-00A6-077B-D773-6C46D00F04AB</referedAttribute>
<useDomainConstraints>false</useDomainConstraints>
<use>1</use>
<logicalDatatype>LOGDT011</logicalDatatype>
<ownDataTypeParameters>,,</ownDataTypeParameters>
</Attribute>
</attributes>
<identifiers itemClass="oracle.dbtools.crest.model.design.logical.CandidateKey">
<identifier id="CFCD0D3F-9F99-D932-CE66-8125C6E92FC7" name="Rented PK">
<createdBy>zoran.kovacevic</createdBy>
<createdTime>2019-01-30 15:12:03 UTC</createdTime>
<ownerDesignName>Library</ownerDesignName>
<engineerTo>
<item key="11AF6788-34DC-98F5-38F6-96ACA650B215" value="true"/>
</engineerTo>
<pk>true</pk>
<usedAttributes>
<attributeRef>47D0C26F-D6E5-D6D9-F004-B917CAEF07EE</attributeRef>
<attributeRef>C0B483F5-F2B1-8433-A44A-43C56C82D019</attributeRef>
<attributeRef>BEA0270A-F2F8-5C90-8BDF-231B7FCC988E</attributeRef>
</usedAttributes>
</identifier>
</identifiers>
</Entity>