<?xml version = '1.0' encoding = 'UTF-8'?>
<relationalModel class="oracle.dbtools.crest.model.design.relational.RelationalDesign" name="Relational_1" id="FCD79AF2-33BC-B959-7D77-44C0B61786AF" mainViewID="94EC1E66-E5AB-3C79-416C-A3A22D6081E2">
<createdBy>zoran.kovacevic</createdBy>
<createdTime>2019-01-30 15:45:51 UTC</createdTime>
<ownerDesignName>Online Banking System</ownerDesignName>
<shouldBeOpen>true</shouldBeOpen>
<selectedRDBMSSite>32076570-2523-435C-2E92-BF29817DFF70</selectedRDBMSSite>
</relationalModel>