<?xml version = '1.0' encoding = 'UTF-8'?>
<Relation class="oracle.dbtools.crest.model.design.logical.Relation" name="PublisherPK" directorySegmentName="seg_0" id="0426599F-F329-79FC-E2FF-AB07C9FC45BE">
<createdBy>zoran.kovacevic</createdBy>
<createdTime>2019-01-30 15:12:27 UTC</createdTime>
<ownerDesignName>Library</ownerDesignName>
<engineerTo>
<item key="11AF6788-34DC-98F5-38F6-96ACA650B215" value="true"/>
</engineerTo>
<sourcePk>09C90C88-1306-F171-5335-F21718B9C121</sourcePk>
<identifying>true</identifying>
<optionalSource>false</optionalSource>
<optionalTarget>false</optionalTarget>
<sourceCardinality>1</sourceCardinality>
<sourceEntity>4856BB53-0803-BC3E-7F77-104E85D1C568</sourceEntity>
<targetCardinalityString>*</targetCardinalityString>
<targetEntity>BE1E7A5B-13D4-1534-9336-3760879D3DDD</targetEntity>
<transferable>true</transferable>
<deleteRule>SET NULL</deleteRule>
</Relation>