<?xml version = '1.0' encoding = 'UTF-8'?>
<Relation class="oracle.dbtools.crest.model.design.logical.Relation" name="ClientPK" directorySegmentName="seg_0" id="AF70A43E-A28A-5882-8D3A-579B08B1E63D">
<createdBy>zoran.kovacevic</createdBy>
<createdTime>2019-01-30 15:12:03 UTC</createdTime>
<ownerDesignName>Library</ownerDesignName>
<engineerTo>
<item key="11AF6788-34DC-98F5-38F6-96ACA650B215" value="true"/>
</engineerTo>
<sourcePk>BAD062C3-1582-7CF0-F752-9BFBFBF2FECE</sourcePk>
<identifying>true</identifying>
<optionalSource>true</optionalSource>
<optionalTarget>false</optionalTarget>
<sourceCardinality>1</sourceCardinality>
<sourceEntity>170F4918-0D0D-6743-0371-11461617CC9B</sourceEntity>
<targetCardinalityString>*</targetCardinalityString>
<targetEntity>D73B32F3-1898-93C2-133D-87B04976A759</targetEntity>
<transferable>true</transferable>
<deleteRule>SET NULL</deleteRule>
</Relation>