<?xml version = '1.0' encoding = 'UTF-8'?>
<Relation class="oracle.dbtools.crest.model.design.logical.Relation" name="BookPK" directorySegmentName="seg_0" id="B6F498CF-4814-0000-3CD2-598534332FF3">
<createdBy>zoran.kovacevic</createdBy>
<createdTime>2019-01-30 15:11:43 UTC</createdTime>
<ownerDesignName>Library</ownerDesignName>
<engineerTo>
<item key="11AF6788-34DC-98F5-38F6-96ACA650B215" value="true"/>
</engineerTo>
<sourcePk>CFCD0D3F-9F99-D932-CE66-8125C6E92FC7</sourcePk>
<identifying>true</identifying>
<optionalSource>false</optionalSource>
<optionalTarget>false</optionalTarget>
<sourceCardinality>1</sourceCardinality>
<sourceEntity>D73B32F3-1898-93C2-133D-87B04976A759</sourceEntity>
<targetCardinalityString>*</targetCardinalityString>
<targetEntity>BE1E7A5B-13D4-1534-9336-3760879D3DDD</targetEntity>
<transferable>true</transferable>
<deleteRule>SET NULL</deleteRule>
</Relation>