<?xml version = '1.0' encoding = 'UTF-8'?>
<Relation class="oracle.dbtools.crest.model.design.logical.Relation" name="AuthorPK" directorySegmentName="seg_0" id="F692AF20-CE60-FBE5-8C01-7BEB09269ECC">
<createdBy>zoran.kovacevic</createdBy>
<createdTime>2019-01-30 15:14:26 UTC</createdTime>
<ownerDesignName>Library</ownerDesignName>
<engineerTo>
<item key="11AF6788-34DC-98F5-38F6-96ACA650B215" value="true"/>
</engineerTo>
<sourcePk>4336FCEC-D9A3-5729-063D-EF6738EF6687</sourcePk>
<identifying>true</identifying>
<optionalSource>false</optionalSource>
<optionalTarget>false</optionalTarget>
<sourceCardinality>1</sourceCardinality>
<sourceEntity>89CF7FCC-1F1F-FDF9-4356-7D059DDC4E67</sourceEntity>
<targetCardinalityString>*</targetCardinalityString>
<targetEntity>BE1E7A5B-13D4-1534-9336-3760879D3DDD</targetEntity>
<transferable>true</transferable>
<deleteRule>SET NULL</deleteRule>
</Relation>