<?xml version = '1.0' encoding = 'UTF-8'?>
<relationalModel class="oracle.dbtools.crest.model.design.relational.RelationalDesign" name="Relational_1" id="11AF6788-34DC-98F5-38F6-96ACA650B215" mainViewID="59B132BD-C661-B779-3772-4266620DFCA9">
<createdBy>zoran.kovacevic</createdBy>
<createdTime>2019-01-30 14:37:00 UTC</createdTime>
<ownerDesignName>Library</ownerDesignName>
<shouldBeOpen>false</shouldBeOpen>
<selectedRDBMSSite>32076570-2523-435C-2E92-BF29817DFF70</selectedRDBMSSite>
</relationalModel>