<?xml version = '1.0' encoding = 'UTF-8'?>
<Diagram class="oracle.dbtools.crest.swingui.relational.DPVRelational" name="Relational_1" id="094A385E-60CB-9073-108F-C63FE277DBE6">
<createdBy>ROBOTECH</createdBy>
<modifiedBy>ROBOTECH</modifiedBy>
<createdTime>2019-01-30 20:47:41 UTC</createdTime>
<autoRoute>false</autoRoute>
<boxInbox>true</boxInbox>
<showLegend>false</showLegend>
<showLabels>false</showLabels>
<showRelAttributes>false</showRelAttributes>
<gridEnabled>false</gridEnabled>
<showGrid>false</showGrid>
<diagramColor>-1</diagramColor>
<display>false</display>
<notation>1</notation>
<objectViews>
<OView class="oracle.dbtools.crest.swingui.relational.TVTable" oid="32D97845-D89E-6522-0F4B-5A03926B00E2" otype="Table" vid="FA48C13C-9B10-1A47-B225-D6A4AEA69FFA">
<hideElementsInCurrentOnly>false</hideElementsInCurrentOnly>
<bounds x="675" y="252" width="123" height="156"/>
</OView>
<OView class="oracle.dbtools.crest.swingui.relational.TVTable" oid="44277CCC-AA0A-3B4A-9391-AC85A5386299" otype="Table" vid="76C7B265-5194-4AC9-24A8-BF617B95E953">
<hideElementsInCurrentOnly>false</hideElementsInCurrentOnly>
<bounds x="70" y="90" width="170" height="110"/>
</OView>
<OView class="oracle.dbtools.crest.swingui.relational.TVTable" oid="4CA2F4EA-7C3D-1FA8-4FEA-127E03D39DD4" otype="Table" vid="734D4419-6580-BB71-1998-F6E3DC51E7B9">
<hideElementsInCurrentOnly>false</hideElementsInCurrentOnly>
<bounds x="27" y="271" width="117" height="145"/>
</OView>
<OView class="oracle.dbtools.crest.swingui.relational.TVTable" oid="6ACB7F3F-8BF1-7DCD-F3AE-1BB4ACD79279" otype="Table" vid="DD29F33A-9A30-A683-91F1-BE0D52C7E1D7">
<hideElementsInCurrentOnly>false</hideElementsInCurrentOnly>
<bounds x="225" y="41" width="134" height="103"/>
</OView>
<OView class="oracle.dbtools.crest.swingui.relational.TVTable" oid="7F95AC15-2CA8-E1DC-067E-153436C51EB6" otype="Table" vid="DD771522-31B4-8BBB-280B-17347406F340">
<hideElementsInCurrentOnly>false</hideElementsInCurrentOnly>
<bounds x="15" y="41" width="124" height="149"/>
</OView>
<OView class="oracle.dbtools.crest.swingui.relational.TVTable" oid="8D40025F-4964-EBB2-CE85-9A986C08F17C" otype="Table" vid="86A53AB3-B442-8D21-0DD9-FD196D27B524">
<hideElementsInCurrentOnly>false</hideElementsInCurrentOnly>
<bounds x="940" y="107" width="117" height="153"/>
</OView>
<OView class="oracle.dbtools.crest.swingui.relational.TVTable" oid="DED7889E-CFE5-50EA-C052-2D72AE884C49" otype="Table" vid="A959C0A2-CD1C-4917-AC3B-6D33F0BBDBA6">
<hideElementsInCurrentOnly>false</hideElementsInCurrentOnly>
<bounds x="445" y="48" width="123" height="150"/>
</OView>
<OView class="oracle.dbtools.crest.swingui.relational.TVTable" oid="FBFD752A-A8F0-E2A9-7645-B938BE5DB3FB" otype="Table" vid="C61D1F88-123B-5DD3-7AFF-AFC203260D49">
<hideElementsInCurrentOnly>false</hideElementsInCurrentOnly>
<bounds x="400" y="313" width="124" height="130"/>
</OView>
</objectViews>
<connectors>
<Connector class="oracle.dbtools.crest.swingui.relational.TVFKRelation" oid="0C56D945-65B9-A2FE-E6DC-C27BFED6B8E8" otype="FKIndexAssociation" vid_source="A959C0A2-CD1C-4917-AC3B-6D33F0BBDBA6" vid_target="FA48C13C-9B10-1A47-B225-D6A4AEA69FFA">
<hideElementsInCurrentOnly>false</hideElementsInCurrentOnly>
<backgroundColor>-16777216</backgroundColor>
<lineWidth>1</lineWidth>
<points>
<point x="568" y="181"/>
<point x="675" y="252"/>
</points>
</Connector>
<Connector class="oracle.dbtools.crest.swingui.relational.TVFKRelation" oid="0C997BE6-E03E-2ACF-C4BF-48E6A761C0F1" otype="FKIndexAssociation" vid_source="DD771522-31B4-8BBB-280B-17347406F340" vid_target="734D4419-6580-BB71-1998-F6E3DC51E7B9">
<hideElementsInCurrentOnly>false</hideElementsInCurrentOnly>
<backgroundColor>-16777216</backgroundColor>
<lineWidth>1</lineWidth>
<points>
<point x="139" y="180"/>
<point x="144" y="271"/>
</points>
</Connector>
<Connector class="oracle.dbtools.crest.swingui.relational.TVFKRelation" oid="1EA39593-04D2-503A-D359-B201129C663D" otype="FKIndexAssociation" vid_source="C61D1F88-123B-5DD3-7AFF-AFC203260D49" vid_target="76C7B265-5194-4AC9-24A8-BF617B95E953">
<hideElementsInCurrentOnly>false</hideElementsInCurrentOnly>
<backgroundColor>-16777216</backgroundColor>
<lineWidth>1</lineWidth>
<points>
<point x="400" y="330"/>
<point x="227" y="200"/>
</points>
</Connector>
<Connector class="oracle.dbtools.crest.swingui.relational.TVFKRelation" oid="420684F7-DEBA-B0C1-137C-0261308FAC3E" otype="FKIndexAssociation" vid_source="DD771522-31B4-8BBB-280B-17347406F340" vid_target="DD29F33A-9A30-A683-91F1-BE0D52C7E1D7">
<hideElementsInCurrentOnly>false</hideElementsInCurrentOnly>
<backgroundColor>-16777216</backgroundColor>
<lineWidth>1</lineWidth>
<points>
<point x="139" y="92"/>
<point x="225" y="92"/>
</points>
</Connector>
<Connector class="oracle.dbtools.crest.swingui.relational.TVFKRelation" oid="4460EFF4-3E30-99C7-8914-6B0B0D566B5D" otype="FKIndexAssociation" vid_source="A959C0A2-CD1C-4917-AC3B-6D33F0BBDBA6" vid_target="DD29F33A-9A30-A683-91F1-BE0D52C7E1D7">
<hideElementsInCurrentOnly>false</hideElementsInCurrentOnly>
<backgroundColor>-16777216</backgroundColor>
<lineWidth>1</lineWidth>
<points>
<point x="445" y="96"/>
<point x="359" y="96"/>
</points>
</Connector>
<Connector class="oracle.dbtools.crest.swingui.relational.TVFKRelation" oid="4D34A1B0-9CC3-B231-B2EF-80B594F49C56" otype="FKIndexAssociation" vid_source="C61D1F88-123B-5DD3-7AFF-AFC203260D49" vid_target="734D4419-6580-BB71-1998-F6E3DC51E7B9">
<hideElementsInCurrentOnly>false</hideElementsInCurrentOnly>
<backgroundColor>-16777216</backgroundColor>
<lineWidth>1</lineWidth>
<points>
<point x="400" y="379"/>
<point x="144" y="379"/>
</points>
</Connector>
<Connector class="oracle.dbtools.crest.swingui.relational.TVFKRelation" oid="5B273BA5-27A0-286D-A7AA-84614824F48E" otype="FKIndexAssociation" vid_source="FA48C13C-9B10-1A47-B225-D6A4AEA69FFA" vid_target="A959C0A2-CD1C-4917-AC3B-6D33F0BBDBA6">
<hideElementsInCurrentOnly>false</hideElementsInCurrentOnly>
<backgroundColor>-16777216</backgroundColor>
<lineWidth>1</lineWidth>
<points>
<point x="675" y="274"/>
<point x="568" y="178"/>
</points>
</Connector>
<Connector class="oracle.dbtools.crest.swingui.relational.TVFKRelation" oid="6FC21FF1-E1E6-BC92-04AE-92AEB56896CC" otype="FKIndexAssociation" vid_source="A959C0A2-CD1C-4917-AC3B-6D33F0BBDBA6" vid_target="734D4419-6580-BB71-1998-F6E3DC51E7B9">
<hideElementsInCurrentOnly>false</hideElementsInCurrentOnly>
<backgroundColor>-16777216</backgroundColor>
<lineWidth>1</lineWidth>
<points>
<point x="445" y="155"/>
<point x="144" y="312"/>
</points>
</Connector>
<Connector class="oracle.dbtools.crest.swingui.relational.TVFKRelation" oid="70F74D5D-8292-2AE7-7FE1-9861E5EF7EE2" otype="FKIndexAssociation" vid_source="734D4419-6580-BB71-1998-F6E3DC51E7B9" vid_target="C61D1F88-123B-5DD3-7AFF-AFC203260D49">
<hideElementsInCurrentOnly>false</hideElementsInCurrentOnly>
<backgroundColor>-16777216</backgroundColor>
<lineWidth>1</lineWidth>
<points>
<point x="144" y="379"/>
<point x="400" y="379"/>
</points>
</Connector>
<Connector class="oracle.dbtools.crest.swingui.relational.TVFKRelation" oid="7E87BC6A-89CF-BA0F-99AA-2270A4ADCB7F" otype="FKIndexAssociation" vid_source="734D4419-6580-BB71-1998-F6E3DC51E7B9" vid_target="A959C0A2-CD1C-4917-AC3B-6D33F0BBDBA6">
<hideElementsInCurrentOnly>false</hideElementsInCurrentOnly>
<backgroundColor>-16777216</backgroundColor>
<lineWidth>1</lineWidth>
<points>
<point x="144" y="363"/>
<point x="473" y="198"/>
</points>
</Connector>
<Connector class="oracle.dbtools.crest.swingui.relational.TVFKRelation" oid="ACD98ED7-BBAE-CD61-B3D1-65540DCD1451" otype="FKIndexAssociation" vid_source="DD771522-31B4-8BBB-280B-17347406F340" vid_target="734D4419-6580-BB71-1998-F6E3DC51E7B9">
<hideElementsInCurrentOnly>false</hideElementsInCurrentOnly>
<backgroundColor>-16777216</backgroundColor>
<lineWidth>1</lineWidth>
<points>
<point x="98" y="190"/>
<point x="98" y="271"/>
</points>
</Connector>
<Connector class="oracle.dbtools.crest.swingui.relational.TVFKRelation" oid="C605587F-7D0E-C77A-6461-AD2F9F991586" otype="FKIndexAssociation" vid_source="DD771522-31B4-8BBB-280B-17347406F340" vid_target="FA48C13C-9B10-1A47-B225-D6A4AEA69FFA">
<hideElementsInCurrentOnly>false</hideElementsInCurrentOnly>
<backgroundColor>-16777216</backgroundColor>
<lineWidth>1</lineWidth>
<points>
<point x="139" y="182"/>
<point x="675" y="252"/>
</points>
</Connector>
<Connector class="oracle.dbtools.crest.swingui.relational.TVFKRelation" oid="D1B182B7-6E19-5B3E-ED96-AAA5FFD29458" otype="FKIndexAssociation" vid_source="A959C0A2-CD1C-4917-AC3B-6D33F0BBDBA6" vid_target="86A53AB3-B442-8D21-0DD9-FD196D27B524">
<hideElementsInCurrentOnly>false</hideElementsInCurrentOnly>
<backgroundColor>-16777216</backgroundColor>
<lineWidth>1</lineWidth>
<points>
<point x="568" y="181"/>
<point x="940" y="181"/>
</points>
</Connector>
<Connector class="oracle.dbtools.crest.swingui.relational.TVFKRelation" oid="E7D4C0E3-BE4B-A975-0A0C-AAA80C00EEE0" otype="FKIndexAssociation" vid_source="734D4419-6580-BB71-1998-F6E3DC51E7B9" vid_target="734D4419-6580-BB71-1998-F6E3DC51E7B9">
<hideElementsInCurrentOnly>false</hideElementsInCurrentOnly>
<backgroundColor>-16777216</backgroundColor>
<lineWidth>1</lineWidth>
<points>
<point x="144" y="401"/>
<point x="169" y="401"/>
<point x="169" y="441"/>
<point x="95" y="441"/>
<point x="95" y="416"/>
</points>
</Connector>
<Connector class="oracle.dbtools.crest.swingui.relational.TVFKRelation" oid="FBCCED62-0B71-E5DD-DEC0-0834D69FF6B9" otype="FKIndexAssociation" vid_source="FA48C13C-9B10-1A47-B225-D6A4AEA69FFA" vid_target="76C7B265-5194-4AC9-24A8-BF617B95E953">
<hideElementsInCurrentOnly>false</hideElementsInCurrentOnly>
<backgroundColor>-16777216</backgroundColor>
<lineWidth>1</lineWidth>
<points>
<point x="675" y="310"/>
<point x="240" y="172"/>
</points>
</Connector>
</connectors>
</Diagram>