<?xml version = '1.0' encoding = 'UTF-8'?>
<Diagram class="oracle.dbtools.crest.swingui.logical.DPVLogical" name="Logical" id="70B7FB81-CED2-ACCA-5BF1-4DDEAAD651A2">
<createdBy>zoran.kovacevic</createdBy>
<modifiedBy>zoran.kovacevic</modifiedBy>
<createdTime>2019-01-30 14:37:43 UTC</createdTime>
<autoRoute>false</autoRoute>
<boxInbox>true</boxInbox>
<showLegend>false</showLegend>
<showLabels>false</showLabels>
<showRelAttributes>false</showRelAttributes>
<gridEnabled>false</gridEnabled>
<showGrid>false</showGrid>
<diagramColor>-1</diagramColor>
<display>false</display>
<notation>1</notation>
<objectViews>
<OView class="oracle.dbtools.crest.swingui.logical.TVEntity" oid="170F4918-0D0D-6743-0371-11461617CC9B" otype="Entity" vid="6088C5CA-786D-D022-3828-E9777AD0C57B">
<hideElementsInCurrentOnly>false</hideElementsInCurrentOnly>
<bounds x="703" y="52" width="175" height="220"/>
</OView>
<OView class="oracle.dbtools.crest.swingui.logical.TVEntity" oid="4856BB53-0803-BC3E-7F77-104E85D1C568" otype="Entity" vid="A774745D-000C-C051-AC99-CDB92CAF7011">
<hideElementsInCurrentOnly>false</hideElementsInCurrentOnly>
<bounds x="175" y="290" width="213" height="143"/>
</OView>
<OView class="oracle.dbtools.crest.swingui.logical.TVEntity" oid="89CF7FCC-1F1F-FDF9-4356-7D059DDC4E67" otype="Entity" vid="D6254B44-C492-E702-C083-835C1B0FD685">
<hideElementsInCurrentOnly>false</hideElementsInCurrentOnly>
<bounds x="46" y="48" width="121" height="146"/>
</OView>
<OView class="oracle.dbtools.crest.swingui.logical.TVEntity" oid="BE1E7A5B-13D4-1534-9336-3760879D3DDD" otype="Entity" vid="4BD0DDDD-AEA2-9FF7-F737-9294640F64B5">
<hideElementsInCurrentOnly>false</hideElementsInCurrentOnly>
<bounds x="248" y="53" width="147" height="155"/>
</OView>
<OView class="oracle.dbtools.crest.swingui.logical.TVEntity" oid="D73B32F3-1898-93C2-133D-87B04976A759" otype="Entity" vid="0C80E3D0-4BA1-5D27-8F30-CE40006C464E">
<hideElementsInCurrentOnly>false</hideElementsInCurrentOnly>
<bounds x="480" y="61" width="164" height="96"/>
</OView>
</objectViews>
<connectors>
<Connector class="oracle.dbtools.crest.swingui.logical.TVRelation" oid="0426599F-F329-79FC-E2FF-AB07C9FC45BE" otype="Relation" vid_source="A774745D-000C-C051-AC99-CDB92CAF7011" vid_target="4BD0DDDD-AEA2-9FF7-F737-9294640F64B5">
<hideElementsInCurrentOnly>false</hideElementsInCurrentOnly>
<backgroundColor>-16777216</backgroundColor>
<lineWidth>1</lineWidth>
<points>
<point x="318" y="290"/>
<point x="318" y="208"/>
</points>
</Connector>
<Connector class="oracle.dbtools.crest.swingui.logical.TVRelation" oid="AF70A43E-A28A-5882-8D3A-579B08B1E63D" otype="Relation" vid_source="6088C5CA-786D-D022-3828-E9777AD0C57B" vid_target="0C80E3D0-4BA1-5D27-8F30-CE40006C464E">
<hideElementsInCurrentOnly>false</hideElementsInCurrentOnly>
<backgroundColor>-16777216</backgroundColor>
<lineWidth>1</lineWidth>
<points>
<point x="703" y="109"/>
<point x="644" y="109"/>
</points>
</Connector>
<Connector class="oracle.dbtools.crest.swingui.logical.TVRelation" oid="B6F498CF-4814-0000-3CD2-598534332FF3" otype="Relation" vid_source="0C80E3D0-4BA1-5D27-8F30-CE40006C464E" vid_target="4BD0DDDD-AEA2-9FF7-F737-9294640F64B5">
<hideElementsInCurrentOnly>false</hideElementsInCurrentOnly>
<backgroundColor>-16777216</backgroundColor>
<lineWidth>1</lineWidth>
<points>
<point x="480" y="109"/>
<point x="395" y="109"/>
</points>
</Connector>
<Connector class="oracle.dbtools.crest.swingui.logical.TVRelation" oid="F692AF20-CE60-FBE5-8C01-7BEB09269ECC" otype="Relation" vid_source="D6254B44-C492-E702-C083-835C1B0FD685" vid_target="4BD0DDDD-AEA2-9FF7-F737-9294640F64B5">
<hideElementsInCurrentOnly>false</hideElementsInCurrentOnly>
<backgroundColor>-16777216</backgroundColor>
<lineWidth>1</lineWidth>
<points>
<point x="167" y="138"/>
<point x="248" y="138"/>
</points>
</Connector>
</connectors>
</Diagram>