<?xml version = '1.0' encoding = 'UTF-8'?>
<Entity class="oracle.dbtools.crest.model.design.logical.Entity" directorySegmentName="seg_0" id="24DDD1D3-2ACC-683A-9840-4F8DB7587B2C" name="Salary">
<createdBy>zoran.kovacevic</createdBy>
<createdTime>2019-01-31 09:49:13 UTC</createdTime>
<generatorID>8D40025F-4964-EBB2-CE85-9A986C08F17C</generatorID>
<ownerDesignName>Company Employee Management</ownerDesignName>
<engineerTo>
<item key="64F8AF5E-2ACB-6988-18D2-EB2F8B8DEC90" value="true"/>
</engineerTo>
<adequatelyNormalized>NO</adequatelyNormalized>
<expectedVolumes>0</expectedVolumes>
<fwdEngineeringStrategyName>Single Table</fwdEngineeringStrategyName>
<growthPercent>0</growthPercent>
<growthType>Year</growthType>
<maxVolumes>9999999</maxVolumes>
<minVolumes>0</minVolumes>
<normalForm>Third</normalForm>
<attributes itemClass="oracle.dbtools.crest.model.design.logical.Attribute">
<Attribute name="DateFrom" id="CE68ADCD-DEF4-4562-4687-2E7AAD8B899E">
<createdBy>zoran.kovacevic</createdBy>
<createdTime>2019-01-31 09:49:13 UTC</createdTime>
<generatorID>08C4F2C9-550A-B83E-8D19-98D77144E630</generatorID>
<ownerDesignName>Company Employee Management</ownerDesignName>
<engineerTo>
<item key="64F8AF5E-2ACB-6988-18D2-EB2F8B8DEC90" value="true"/>
</engineerTo>
<useDomainConstraints>false</useDomainConstraints>
<use>1</use>
<logicalDatatype>LOGDT007</logicalDatatype>
<ownDataTypeParameters>,,</ownDataTypeParameters>
</Attribute>
<Attribute name="DateTo" id="FB22D436-E9D8-0E94-F235-0CD27B00DBF0">
<createdBy>zoran.kovacevic</createdBy>
<createdTime>2019-01-31 09:49:13 UTC</createdTime>
<generatorID>E70D0BB6-1933-18F1-4A0D-EBC4769B8811</generatorID>
<ownerDesignName>Company Employee Management</ownerDesignName>
<engineerTo>
<item key="64F8AF5E-2ACB-6988-18D2-EB2F8B8DEC90" value="true"/>
</engineerTo>
<useDomainConstraints>false</useDomainConstraints>
<use>1</use>
<logicalDatatype>LOGDT007</logicalDatatype>
<ownDataTypeParameters>,,</ownDataTypeParameters>
</Attribute>
<Attribute name="Salary" id="0B6967AE-0E53-80A3-6F2B-7BC1CA6E47CD">
<createdBy>zoran.kovacevic</createdBy>
<createdTime>2019-01-31 09:49:13 UTC</createdTime>
<generatorID>4B58AB74-F626-E89F-021E-144C76FE1457</generatorID>
<ownerDesignName>Company Employee Management</ownerDesignName>
<engineerTo>
<item key="64F8AF5E-2ACB-6988-18D2-EB2F8B8DEC90" value="true"/>
</engineerTo>
<useDomainConstraints>false</useDomainConstraints>
<use>1</use>
<logicalDatatype>LOGDT020</logicalDatatype>
<dataTypePrecision>2</dataTypePrecision>
<ownDataTypeParameters>,2,</ownDataTypeParameters>
</Attribute>
<Attribute name="Bonus" id="F9785FAD-3A63-D694-217E-37434F13511A">
<createdBy>zoran.kovacevic</createdBy>
<createdTime>2019-01-31 09:49:13 UTC</createdTime>
<generatorID>2E199394-9E3D-4A43-1A80-0080AF88B17F</generatorID>
<ownerDesignName>Company Employee Management</ownerDesignName>
<engineerTo>
<item key="64F8AF5E-2ACB-6988-18D2-EB2F8B8DEC90" value="true"/>
</engineerTo>
<useDomainConstraints>false</useDomainConstraints>
<use>1</use>
<logicalDatatype>LOGDT020</logicalDatatype>
<dataTypePrecision>2</dataTypePrecision>
<ownDataTypeParameters>,2,</ownDataTypeParameters>
</Attribute>
<Attribute name="EmployeeID" id="CAC992FD-0528-399B-C7EB-5E879E9D9905">
<createdBy>zoran.kovacevic</createdBy>
<createdTime>2019-01-31 09:49:13 UTC</createdTime>
<generatorID>C98CE7EF-6889-1397-64E3-368433F38511</generatorID>
<ownerDesignName>Company Employee Management</ownerDesignName>
<engineerTo>
<item key="64F8AF5E-2ACB-6988-18D2-EB2F8B8DEC90" value="true"/>
</engineerTo>
<useDomainConstraints>false</useDomainConstraints>
<use>1</use>
<logicalDatatype>LOGDT011</logicalDatatype>
<ownDataTypeParameters>,,</ownDataTypeParameters>
</Attribute>
<Attribute name="DepartmentID" id="421C13D2-AD25-0101-9AC3-B3E4DF50176C">
<createdBy>zoran.kovacevic</createdBy>
<createdTime>2019-01-31 09:49:14 UTC</createdTime>
<generatorID>6F2408C5-D0AB-1A4F-0365-28A96DE64B8E</generatorID>
<ownerDesignName>Company Employee Management</ownerDesignName>
<engineerTo>
<item key="64F8AF5E-2ACB-6988-18D2-EB2F8B8DEC90" value="true"/>
</engineerTo>
<referedAttribute>FF80536B-96A0-3ED8-D58B-E2067E0D6811</referedAttribute>
<useDomainConstraints>false</useDomainConstraints>
<use>1</use>
<logicalDatatype>LOGDT011</logicalDatatype>
<ownDataTypeParameters>,,</ownDataTypeParameters>
</Attribute>
<Attribute name="Employee EmployeeID" id="05139FC4-CA42-79FC-77FC-BBFEC59EB845">
<createdBy>zoran.kovacevic</createdBy>
<createdTime>2019-01-31 09:49:14 UTC</createdTime>
<generatorID>6F2408C5-D0AB-1A4F-0365-28A96DE64B8E</generatorID>
<ownerDesignName>Company Employee Management</ownerDesignName>
<engineerTo>
<item key="64F8AF5E-2ACB-6988-18D2-EB2F8B8DEC90" value="true"/>
</engineerTo>
<referedAttribute>BA5CC6D3-8110-2BB1-719C-ADD2297EEC85</referedAttribute>
<useDomainConstraints>false</useDomainConstraints>
<use>1</use>
<logicalDatatype>LOGDT011</logicalDatatype>
<ownDataTypeParameters>,,</ownDataTypeParameters>
</Attribute>
<Attribute name="Job JobID" id="988CE0F3-022C-1F48-2E14-79336F98F5C5">
<createdBy>zoran.kovacevic</createdBy>
<createdTime>2019-01-31 09:49:14 UTC</createdTime>
<generatorID>6F2408C5-D0AB-1A4F-0365-28A96DE64B8E</generatorID>
<ownerDesignName>Company Employee Management</ownerDesignName>
<engineerTo>
<item key="64F8AF5E-2ACB-6988-18D2-EB2F8B8DEC90" value="true"/>
</engineerTo>
<referedAttribute>8D249D16-841E-5A9B-9696-725EF8F1C3ED</referedAttribute>
<useDomainConstraints>false</useDomainConstraints>
<use>1</use>
<logicalDatatype>LOGDT011</logicalDatatype>
<ownDataTypeParameters>,,</ownDataTypeParameters>
</Attribute>
<Attribute name="Branches BranchID" id="24200294-6D77-A227-62C6-DA0A63B23711">
<createdBy>zoran.kovacevic</createdBy>
<createdTime>2019-01-31 09:49:14 UTC</createdTime>
<generatorID>6F2408C5-D0AB-1A4F-0365-28A96DE64B8E</generatorID>
<ownerDesignName>Company Employee Management</ownerDesignName>
<engineerTo>
<item key="64F8AF5E-2ACB-6988-18D2-EB2F8B8DEC90" value="true"/>
</engineerTo>
<referedAttribute>BA72C5FF-132A-50C8-A0EA-CF98BC63F1FF</referedAttribute>
<useDomainConstraints>false</useDomainConstraints>
<use>1</use>
<logicalDatatype>LOGDT011</logicalDatatype>
<ownDataTypeParameters>,,</ownDataTypeParameters>
</Attribute>
<Attribute name="DepartmentID1" id="5E55BEFC-83FF-8BC6-D4D4-9A3658B72183">
<createdBy>zoran.kovacevic</createdBy>
<createdTime>2019-01-31 09:49:14 UTC</createdTime>
<generatorID>6F2408C5-D0AB-1A4F-0365-28A96DE64B8E</generatorID>
<ownerDesignName>Company Employee Management</ownerDesignName>
<engineerTo>
<item key="64F8AF5E-2ACB-6988-18D2-EB2F8B8DEC90" value="true"/>
</engineerTo>
<referedAttribute>C4CD6C19-984B-9F66-F024-010A583BBF37</referedAttribute>
<useDomainConstraints>false</useDomainConstraints>
<use>1</use>
<logicalDatatype>LOGDT011</logicalDatatype>
<ownDataTypeParameters>,,</ownDataTypeParameters>
</Attribute>
<Attribute name="Employee EmployeeID1" id="8DBBA9EE-6807-8725-391C-3949A0664AB9">
<createdBy>zoran.kovacevic</createdBy>
<createdTime>2019-01-31 09:49:14 UTC</createdTime>
<generatorID>6F2408C5-D0AB-1A4F-0365-28A96DE64B8E</generatorID>
<ownerDesignName>Company Employee Management</ownerDesignName>
<engineerTo>
<item key="64F8AF5E-2ACB-6988-18D2-EB2F8B8DEC90" value="true"/>
</engineerTo>
<referedAttribute>5B3F36C5-E5D5-502F-6447-03DCD621EB3E</referedAttribute>
<useDomainConstraints>false</useDomainConstraints>
<use>1</use>
<logicalDatatype>LOGDT011</logicalDatatype>
<ownDataTypeParameters>,,</ownDataTypeParameters>
</Attribute>
<Attribute name="Job JobID1" id="239062E6-DC66-885F-D76D-CAFCEFCE2D9D">
<createdBy>zoran.kovacevic</createdBy>
<createdTime>2019-01-31 09:49:14 UTC</createdTime>
<generatorID>6F2408C5-D0AB-1A4F-0365-28A96DE64B8E</generatorID>
<ownerDesignName>Company Employee Management</ownerDesignName>
<engineerTo>
<item key="64F8AF5E-2ACB-6988-18D2-EB2F8B8DEC90" value="true"/>
</engineerTo>
<referedAttribute>EAA9B1B5-ADA2-5091-4813-09F4603CFE68</referedAttribute>
<useDomainConstraints>false</useDomainConstraints>
<use>1</use>
<logicalDatatype>LOGDT011</logicalDatatype>
<ownDataTypeParameters>,,</ownDataTypeParameters>
</Attribute>
<Attribute name="Branches BranchID1" id="7E542FCE-F75B-10E5-74FD-B0780C0E77F8">
<createdBy>zoran.kovacevic</createdBy>
<createdTime>2019-01-31 09:49:14 UTC</createdTime>
<generatorID>6F2408C5-D0AB-1A4F-0365-28A96DE64B8E</generatorID>
<ownerDesignName>Company Employee Management</ownerDesignName>
<engineerTo>
<item key="64F8AF5E-2ACB-6988-18D2-EB2F8B8DEC90" value="true"/>
</engineerTo>
<referedAttribute>5A3B94A1-54DF-86FF-B82A-1D568B371F3B</referedAttribute>
<useDomainConstraints>false</useDomainConstraints>
<use>1</use>
<logicalDatatype>LOGDT011</logicalDatatype>
<ownDataTypeParameters>,,</ownDataTypeParameters>
</Attribute>
</attributes>
<identifiers itemClass="oracle.dbtools.crest.model.design.logical.CandidateKey">
<identifier id="8D2C5478-3592-4001-577B-6481F282E124" name="Salary PK">
<createdBy>zoran.kovacevic</createdBy>
<createdTime>2019-01-31 09:49:13 UTC</createdTime>
<generatorID>849E0F58-DFC7-82B6-B371-87829DCE4F09</generatorID>
<ownerDesignName>Company Employee Management</ownerDesignName>
<engineerTo>
<item key="64F8AF5E-2ACB-6988-18D2-EB2F8B8DEC90" value="true"/>
</engineerTo>
<pk>true</pk>
<usedAttributes>
<attributeRef>CE68ADCD-DEF4-4562-4687-2E7AAD8B899E</attributeRef>
<attributeRef>FB22D436-E9D8-0E94-F235-0CD27B00DBF0</attributeRef>
<attributeRef>421C13D2-AD25-0101-9AC3-B3E4DF50176C</attributeRef>
<attributeRef>05139FC4-CA42-79FC-77FC-BBFEC59EB845</attributeRef>
<attributeRef>988CE0F3-022C-1F48-2E14-79336F98F5C5</attributeRef>
<attributeRef>24200294-6D77-A227-62C6-DA0A63B23711</attributeRef>
<attributeRef>5E55BEFC-83FF-8BC6-D4D4-9A3658B72183</attributeRef>
<attributeRef>8DBBA9EE-6807-8725-391C-3949A0664AB9</attributeRef>
<attributeRef>239062E6-DC66-885F-D76D-CAFCEFCE2D9D</attributeRef>
<attributeRef>7E542FCE-F75B-10E5-74FD-B0780C0E77F8</attributeRef>
</usedAttributes>
</identifier>
</identifiers>
</Entity>