<?xml version = '1.0' encoding = 'UTF-8'?>
<Entity class="oracle.dbtools.crest.model.design.logical.Entity" directorySegmentName="seg_0" id="8D270C09-AE95-12A0-30AA-DFC26610023E" name="Department">
<createdBy>ROBOTECH</createdBy>
<createdTime>2019-01-30 20:47:46 UTC</createdTime>
<ownerDesignName>Company Employee Management</ownerDesignName>
<engineerTo>
<item key="64F8AF5E-2ACB-6988-18D2-EB2F8B8DEC90" value="true"/>
</engineerTo>
<adequatelyNormalized>NO</adequatelyNormalized>
<expectedVolumes>0</expectedVolumes>
<fwdEngineeringStrategyName>Single Table</fwdEngineeringStrategyName>
<growthPercent>0</growthPercent>
<growthType>Year</growthType>
<maxVolumes>9999999</maxVolumes>
<minVolumes>0</minVolumes>
<normalForm>Third</normalForm>
<attributes itemClass="oracle.dbtools.crest.model.design.logical.Attribute">
<Attribute name="DepartmentID" id="FF80536B-96A0-3ED8-D58B-E2067E0D6811">
<createdBy>ROBOTECH</createdBy>
<createdTime>2019-01-30 21:11:39 UTC</createdTime>
<ownerDesignName>Company Employee Management</ownerDesignName>
<engineerTo>
<item key="64F8AF5E-2ACB-6988-18D2-EB2F8B8DEC90" value="true"/>
</engineerTo>
<useDomainConstraints>false</useDomainConstraints>
<use>1</use>
<logicalDatatype>LOGDT011</logicalDatatype>
<ownDataTypeParameters>,,</ownDataTypeParameters>
</Attribute>
<Attribute name="Department Name" id="438EBC65-51CF-F320-B395-7D6C87276435">
<createdBy>zoran.kovacevic</createdBy>
<createdTime>2019-01-31 09:26:08 UTC</createdTime>
<ownerDesignName>Company Employee Management</ownerDesignName>
<engineerTo>
<item key="64F8AF5E-2ACB-6988-18D2-EB2F8B8DEC90" value="true"/>
</engineerTo>
<nullsAllowed>true</nullsAllowed>
<useDomainConstraints>false</useDomainConstraints>
<use>1</use>
<logicalDatatype>LOGDT024</logicalDatatype>
<dataTypeSize>50</dataTypeSize>
<ownDataTypeParameters>50,,</ownDataTypeParameters>
</Attribute>
<Attribute name="Employee EmployeeID" id="BA5CC6D3-8110-2BB1-719C-ADD2297EEC85">
<createdBy>zoran.kovacevic</createdBy>
<createdTime>2019-01-31 09:27:38 UTC</createdTime>
<generatorID>D8900A36-5092-5BF2-F729-F05F6F71BD41</generatorID>
<ownerDesignName>Company Employee Management</ownerDesignName>
<engineerTo>
<item key="64F8AF5E-2ACB-6988-18D2-EB2F8B8DEC90" value="true"/>
</engineerTo>
<referedAttribute>E0005ED1-0EAC-A107-BBCA-BB7925D56237</referedAttribute>
<useDomainConstraints>false</useDomainConstraints>
<use>1</use>
<logicalDatatype>LOGDT011</logicalDatatype>
<ownDataTypeParameters>,,</ownDataTypeParameters>
</Attribute>
<Attribute name="Job JobID" id="8D249D16-841E-5A9B-9696-725EF8F1C3ED">
<createdBy>zoran.kovacevic</createdBy>
<createdTime>2019-01-31 09:30:17 UTC</createdTime>
<generatorID>D8900A36-5092-5BF2-F729-F05F6F71BD41</generatorID>
<ownerDesignName>Company Employee Management</ownerDesignName>
<engineerTo>
<item key="64F8AF5E-2ACB-6988-18D2-EB2F8B8DEC90" value="true"/>
</engineerTo>
<referedAttribute>FF2C8010-ACFD-8F0D-DDAA-A613E9BFDC26</referedAttribute>
<useDomainConstraints>false</useDomainConstraints>
<use>1</use>
<logicalDatatype>LOGDT011</logicalDatatype>
<ownDataTypeParameters>,,</ownDataTypeParameters>
</Attribute>
<Attribute name="Branches BranchID" id="BA72C5FF-132A-50C8-A0EA-CF98BC63F1FF">
<createdBy>zoran.kovacevic</createdBy>
<createdTime>2019-01-31 09:47:36 UTC</createdTime>
<generatorID>74CA116B-D195-5F4E-BE9A-532B4F67F7B4</generatorID>
<ownerDesignName>Company Employee Management</ownerDesignName>
<engineerTo>
<item key="64F8AF5E-2ACB-6988-18D2-EB2F8B8DEC90" value="true"/>
</engineerTo>
<referedAttribute>763A77C8-52A2-5E89-F72C-EB654DB07F1A</referedAttribute>
<useDomainConstraints>false</useDomainConstraints>
<use>1</use>
<logicalDatatype>LOGDT011</logicalDatatype>
<ownDataTypeParameters>,,</ownDataTypeParameters>
</Attribute>
<Attribute name="Engineering" id="E8BAE3F3-2F34-8553-22D5-696F2D9D8C8A">
<createdBy>zoran.kovacevic</createdBy>
<createdTime>2019-01-31 09:49:13 UTC</createdTime>
<generatorID>3C9C8C94-B1B0-2023-A04E-22321DE7959B</generatorID>
<ownerDesignName>Company Employee Management</ownerDesignName>
<engineerTo>
<item key="64F8AF5E-2ACB-6988-18D2-EB2F8B8DEC90" value="true"/>
</engineerTo>
<nullsAllowed>true</nullsAllowed>
<useDomainConstraints>false</useDomainConstraints>
<use>1</use>
<logicalDatatype>LOGDT024</logicalDatatype>
<dataTypeSize>50</dataTypeSize>
<ownDataTypeParameters>50,,</ownDataTypeParameters>
</Attribute>
<Attribute name="HR" id="8C0DA71E-A102-441E-B0F6-9F14DB26BAD7">
<createdBy>zoran.kovacevic</createdBy>
<createdTime>2019-01-31 09:49:13 UTC</createdTime>
<generatorID>B2FC0046-85DA-C74D-F2CD-7135C0525CA5</generatorID>
<ownerDesignName>Company Employee Management</ownerDesignName>
<engineerTo>
<item key="64F8AF5E-2ACB-6988-18D2-EB2F8B8DEC90" value="true"/>
</engineerTo>
<nullsAllowed>true</nullsAllowed>
<useDomainConstraints>false</useDomainConstraints>
<use>1</use>
<logicalDatatype>LOGDT024</logicalDatatype>
<dataTypeSize>50</dataTypeSize>
<ownDataTypeParameters>50,,</ownDataTypeParameters>
</Attribute>
<Attribute name="Sales" id="5819CA79-48E1-281E-D612-D766D6DCEF44">
<createdBy>zoran.kovacevic</createdBy>
<createdTime>2019-01-31 09:49:13 UTC</createdTime>
<generatorID>9ED58D27-D301-02BB-67BE-0E33416E456F</generatorID>
<ownerDesignName>Company Employee Management</ownerDesignName>
<engineerTo>
<item key="64F8AF5E-2ACB-6988-18D2-EB2F8B8DEC90" value="true"/>
</engineerTo>
<nullsAllowed>true</nullsAllowed>
<useDomainConstraints>false</useDomainConstraints>
<use>1</use>
<logicalDatatype>LOGDT024</logicalDatatype>
<dataTypeSize>50</dataTypeSize>
<ownDataTypeParameters>50,,</ownDataTypeParameters>
</Attribute>
<Attribute name="DepartmentID1" id="C4CD6C19-984B-9F66-F024-010A583BBF37">
<createdBy>zoran.kovacevic</createdBy>
<createdTime>2019-01-31 09:49:13 UTC</createdTime>
<generatorID>74CA116B-D195-5F4E-BE9A-532B4F67F7B4</generatorID>
<ownerDesignName>Company Employee Management</ownerDesignName>
<engineerTo>
<item key="64F8AF5E-2ACB-6988-18D2-EB2F8B8DEC90" value="true"/>
</engineerTo>
<referedAttribute>24734972-1101-5291-994A-151A14FBCC2F</referedAttribute>
<useDomainConstraints>false</useDomainConstraints>
<use>1</use>
<logicalDatatype>LOGDT011</logicalDatatype>
<ownDataTypeParameters>,,</ownDataTypeParameters>
</Attribute>
<Attribute name="Employee EmployeeID1" id="5B3F36C5-E5D5-502F-6447-03DCD621EB3E">
<createdBy>zoran.kovacevic</createdBy>
<createdTime>2019-01-31 09:49:13 UTC</createdTime>
<generatorID>74CA116B-D195-5F4E-BE9A-532B4F67F7B4</generatorID>
<ownerDesignName>Company Employee Management</ownerDesignName>
<engineerTo>
<item key="64F8AF5E-2ACB-6988-18D2-EB2F8B8DEC90" value="true"/>
</engineerTo>
<referedAttribute>EE5B35BB-F5AC-5FBA-F4BD-92AC0265B960</referedAttribute>
<useDomainConstraints>false</useDomainConstraints>
<use>1</use>
<logicalDatatype>LOGDT011</logicalDatatype>
<ownDataTypeParameters>,,</ownDataTypeParameters>
</Attribute>
<Attribute name="Job JobID1" id="EAA9B1B5-ADA2-5091-4813-09F4603CFE68">
<createdBy>zoran.kovacevic</createdBy>
<createdTime>2019-01-31 09:49:13 UTC</createdTime>
<generatorID>74CA116B-D195-5F4E-BE9A-532B4F67F7B4</generatorID>
<ownerDesignName>Company Employee Management</ownerDesignName>
<engineerTo>
<item key="64F8AF5E-2ACB-6988-18D2-EB2F8B8DEC90" value="true"/>
</engineerTo>
<referedAttribute>37E73589-A10A-737A-33E0-1BE78F422075</referedAttribute>
<useDomainConstraints>false</useDomainConstraints>
<use>1</use>
<logicalDatatype>LOGDT011</logicalDatatype>
<ownDataTypeParameters>,,</ownDataTypeParameters>
</Attribute>
<Attribute name="Branches BranchID1" id="5A3B94A1-54DF-86FF-B82A-1D568B371F3B">
<createdBy>zoran.kovacevic</createdBy>
<createdTime>2019-01-31 09:49:14 UTC</createdTime>
<generatorID>74CA116B-D195-5F4E-BE9A-532B4F67F7B4</generatorID>
<ownerDesignName>Company Employee Management</ownerDesignName>
<engineerTo>
<item key="64F8AF5E-2ACB-6988-18D2-EB2F8B8DEC90" value="true"/>
</engineerTo>
<referedAttribute>E79563E3-0427-9689-3ED5-68F0A92708AE</referedAttribute>
<useDomainConstraints>false</useDomainConstraints>
<use>1</use>
<logicalDatatype>LOGDT011</logicalDatatype>
<ownDataTypeParameters>,,</ownDataTypeParameters>
</Attribute>
</attributes>
<identifiers itemClass="oracle.dbtools.crest.model.design.logical.CandidateKey">
<identifier id="8C6E4496-3501-223E-A896-4B878A3CD047" name="Department PK">
<createdBy>ROBOTECH</createdBy>
<createdTime>2019-01-30 21:16:41 UTC</createdTime>
<ownerDesignName>Company Employee Management</ownerDesignName>
<engineerTo>
<item key="64F8AF5E-2ACB-6988-18D2-EB2F8B8DEC90" value="true"/>
</engineerTo>
<pk>true</pk>
<usedAttributes>
<attributeRef>FF80536B-96A0-3ED8-D58B-E2067E0D6811</attributeRef>
<attributeRef>BA5CC6D3-8110-2BB1-719C-ADD2297EEC85</attributeRef>
<attributeRef>8D249D16-841E-5A9B-9696-725EF8F1C3ED</attributeRef>
<attributeRef>BA72C5FF-132A-50C8-A0EA-CF98BC63F1FF</attributeRef>
<attributeRef>C4CD6C19-984B-9F66-F024-010A583BBF37</attributeRef>
<attributeRef>5B3F36C5-E5D5-502F-6447-03DCD621EB3E</attributeRef>
<attributeRef>EAA9B1B5-ADA2-5091-4813-09F4603CFE68</attributeRef>
<attributeRef>5A3B94A1-54DF-86FF-B82A-1D568B371F3B</attributeRef>
</usedAttributes>
</identifier>
</identifiers>
</Entity>