<?xml version = '1.0' encoding = 'UTF-8'?>
<Entity class="oracle.dbtools.crest.model.design.logical.Entity" directorySegmentName="seg_0" id="9359377B-402E-C310-9513-27BCBD8504D6" name="Location">
<createdBy>zoran.kovacevic</createdBy>
<createdTime>2019-01-31 09:32:30 UTC</createdTime>
<ownerDesignName>Company Employee Management</ownerDesignName>
<engineerTo>
<item key="64F8AF5E-2ACB-6988-18D2-EB2F8B8DEC90" value="true"/>
</engineerTo>
<adequatelyNormalized>NO</adequatelyNormalized>
<expectedVolumes>0</expectedVolumes>
<fwdEngineeringStrategyName>Single Table</fwdEngineeringStrategyName>
<growthPercent>0</growthPercent>
<growthType>Year</growthType>
<maxVolumes>9999999</maxVolumes>
<minVolumes>0</minVolumes>
<normalForm>Third</normalForm>
<attributes itemClass="oracle.dbtools.crest.model.design.logical.Attribute">
<Attribute name="LocationID" id="3081546B-54FC-D928-DDFA-872AC20BE412">
<createdBy>zoran.kovacevic</createdBy>
<createdTime>2019-01-31 09:32:48 UTC</createdTime>
<ownerDesignName>Company Employee Management</ownerDesignName>
<engineerTo>
<item key="64F8AF5E-2ACB-6988-18D2-EB2F8B8DEC90" value="true"/>
</engineerTo>
<useDomainConstraints>false</useDomainConstraints>
<use>1</use>
<logicalDatatype>LOGDT011</logicalDatatype>
<ownDataTypeParameters>,,</ownDataTypeParameters>
</Attribute>
<Attribute name="StreetAddres" id="3262B472-8D54-E527-7C7F-B4DDBD31F08C">
<createdBy>zoran.kovacevic</createdBy>
<createdTime>2019-01-31 09:32:58 UTC</createdTime>
<ownerDesignName>Company Employee Management</ownerDesignName>
<engineerTo>
<item key="64F8AF5E-2ACB-6988-18D2-EB2F8B8DEC90" value="true"/>
</engineerTo>
<useDomainConstraints>false</useDomainConstraints>
<use>1</use>
<logicalDatatype>LOGDT024</logicalDatatype>
<dataTypeSize>50</dataTypeSize>
<ownDataTypeParameters>50,,</ownDataTypeParameters>
</Attribute>
<Attribute name="ZIPCode" id="6E431262-C6A7-4279-440C-6021CB0D846F">
<createdBy>zoran.kovacevic</createdBy>
<createdTime>2019-01-31 09:33:15 UTC</createdTime>
<ownerDesignName>Company Employee Management</ownerDesignName>
<engineerTo>
<item key="64F8AF5E-2ACB-6988-18D2-EB2F8B8DEC90" value="true"/>
</engineerTo>
<useDomainConstraints>false</useDomainConstraints>
<use>1</use>
<logicalDatatype>LOGDT011</logicalDatatype>
<ownDataTypeParameters>,,</ownDataTypeParameters>
</Attribute>
<Attribute name="City" id="5683D56C-8CD1-CDF0-690B-7266D526C699">
<createdBy>zoran.kovacevic</createdBy>
<createdTime>2019-01-31 09:33:31 UTC</createdTime>
<ownerDesignName>Company Employee Management</ownerDesignName>
<engineerTo>
<item key="64F8AF5E-2ACB-6988-18D2-EB2F8B8DEC90" value="true"/>
</engineerTo>
<useDomainConstraints>false</useDomainConstraints>
<use>1</use>
<logicalDatatype>LOGDT024</logicalDatatype>
<dataTypeSize>50</dataTypeSize>
<ownDataTypeParameters>50,,</ownDataTypeParameters>
</Attribute>
<Attribute name="Employee EmployeeID" id="8B717D90-2773-307F-15C5-32A0BC2C413F">
<createdBy>zoran.kovacevic</createdBy>
<createdTime>2019-01-31 09:33:55 UTC</createdTime>
<generatorID>A3B8CCB8-A1CF-2C90-CAF6-13BDD1B02238</generatorID>
<ownerDesignName>Company Employee Management</ownerDesignName>
<engineerTo>
<item key="64F8AF5E-2ACB-6988-18D2-EB2F8B8DEC90" value="true"/>
</engineerTo>
<referedAttribute>E0005ED1-0EAC-A107-BBCA-BB7925D56237</referedAttribute>
<useDomainConstraints>false</useDomainConstraints>
<use>1</use>
<logicalDatatype>LOGDT011</logicalDatatype>
<ownDataTypeParameters>,,</ownDataTypeParameters>
</Attribute>
<Attribute name="Employee Job JobID" id="BF71E144-F8EF-42FE-1DD8-5273EA6CCD17">
<createdBy>zoran.kovacevic</createdBy>
<createdTime>2019-01-31 09:33:55 UTC</createdTime>
<generatorID>A3B8CCB8-A1CF-2C90-CAF6-13BDD1B02238</generatorID>
<ownerDesignName>Company Employee Management</ownerDesignName>
<engineerTo>
<item key="64F8AF5E-2ACB-6988-18D2-EB2F8B8DEC90" value="true"/>
</engineerTo>
<referedAttribute>FF2C8010-ACFD-8F0D-DDAA-A613E9BFDC26</referedAttribute>
<useDomainConstraints>false</useDomainConstraints>
<use>1</use>
<logicalDatatype>LOGDT011</logicalDatatype>
<ownDataTypeParameters>,,</ownDataTypeParameters>
</Attribute>
</attributes>
<identifiers itemClass="oracle.dbtools.crest.model.design.logical.CandidateKey">
<identifier id="344A1EE3-ECF6-68DD-4D2C-6EF7DE6F75F0" name="Location PK">
<createdBy>zoran.kovacevic</createdBy>
<createdTime>2019-01-31 09:32:53 UTC</createdTime>
<ownerDesignName>Company Employee Management</ownerDesignName>
<engineerTo>
<item key="64F8AF5E-2ACB-6988-18D2-EB2F8B8DEC90" value="true"/>
</engineerTo>
<pk>true</pk>
<usedAttributes>
<attributeRef>3081546B-54FC-D928-DDFA-872AC20BE412</attributeRef>
</usedAttributes>
</identifier>
</identifiers>
</Entity>