<?xml version = '1.0' encoding = 'UTF-8'?>
<Entity class="oracle.dbtools.crest.model.design.logical.Entity" directorySegmentName="seg_0" id="A2C05EC1-447F-55AF-9E4C-9A00B3BCB36F" name="JobHistory">
<createdBy>zoran.kovacevic</createdBy>
<createdTime>2019-01-31 09:37:44 UTC</createdTime>
<ownerDesignName>Company Employee Management</ownerDesignName>
<engineerTo>
<item key="64F8AF5E-2ACB-6988-18D2-EB2F8B8DEC90" value="true"/>
</engineerTo>
<adequatelyNormalized>NO</adequatelyNormalized>
<expectedVolumes>0</expectedVolumes>
<fwdEngineeringStrategyName>Single Table</fwdEngineeringStrategyName>
<growthPercent>0</growthPercent>
<growthType>Year</growthType>
<maxVolumes>9999999</maxVolumes>
<minVolumes>0</minVolumes>
<normalForm>Third</normalForm>
<attributes itemClass="oracle.dbtools.crest.model.design.logical.Attribute">
<Attribute name="EmployeeID" id="9BBA731C-633A-CB2C-DF0C-F301F7B92574">
<createdBy>zoran.kovacevic</createdBy>
<createdTime>2019-01-31 09:37:55 UTC</createdTime>
<ownerDesignName>Company Employee Management</ownerDesignName>
<engineerTo>
<item key="64F8AF5E-2ACB-6988-18D2-EB2F8B8DEC90" value="true"/>
</engineerTo>
<useDomainConstraints>false</useDomainConstraints>
<use>1</use>
<logicalDatatype>LOGDT011</logicalDatatype>
<ownDataTypeParameters>,,</ownDataTypeParameters>
</Attribute>
<Attribute name="StartDate" id="16BD527E-3026-A851-5C8A-F3E238DF4A77">
<createdBy>zoran.kovacevic</createdBy>
<createdTime>2019-01-31 09:38:12 UTC</createdTime>
<ownerDesignName>Company Employee Management</ownerDesignName>
<engineerTo>
<item key="64F8AF5E-2ACB-6988-18D2-EB2F8B8DEC90" value="true"/>
</engineerTo>
<useDomainConstraints>false</useDomainConstraints>
<use>1</use>
<logicalDatatype>LOGDT047</logicalDatatype>
<ownDataTypeParameters>,,</ownDataTypeParameters>
</Attribute>
<Attribute name="ENDDate" id="0C11DF18-CD93-8ED4-6227-ACAF30C6D794">
<createdBy>zoran.kovacevic</createdBy>
<createdTime>2019-01-31 09:38:45 UTC</createdTime>
<ownerDesignName>Company Employee Management</ownerDesignName>
<engineerTo>
<item key="64F8AF5E-2ACB-6988-18D2-EB2F8B8DEC90" value="true"/>
</engineerTo>
<useDomainConstraints>false</useDomainConstraints>
<use>1</use>
<logicalDatatype>LOGDT047</logicalDatatype>
<ownDataTypeParameters>,,</ownDataTypeParameters>
</Attribute>
<Attribute name="Job JobID1" id="7BF941B2-E042-ADE7-C839-29166F95C6A7">
<createdBy>zoran.kovacevic</createdBy>
<createdTime>2019-01-31 09:41:37 UTC</createdTime>
<generatorID>291B86AF-7E82-0FD3-7455-E595174F024F</generatorID>
<ownerDesignName>Company Employee Management</ownerDesignName>
<engineerTo>
<item key="64F8AF5E-2ACB-6988-18D2-EB2F8B8DEC90" value="true"/>
</engineerTo>
<referedAttribute>3716AEB1-8EB0-CE33-8CCB-FC5B676B5A81</referedAttribute>
<useDomainConstraints>false</useDomainConstraints>
<use>1</use>
<logicalDatatype>LOGDT011</logicalDatatype>
<ownDataTypeParameters>,,</ownDataTypeParameters>
</Attribute>
<Attribute name="Department DepartmentID" id="E80DBCE1-6963-6CCB-FE2F-8214E59C4CE2">
<createdBy>zoran.kovacevic</createdBy>
<createdTime>2019-01-31 09:41:53 UTC</createdTime>
<generatorID>9245422E-025F-BF61-3BB3-EDAEDE99C788</generatorID>
<ownerDesignName>Company Employee Management</ownerDesignName>
<engineerTo>
<item key="64F8AF5E-2ACB-6988-18D2-EB2F8B8DEC90" value="true"/>
</engineerTo>
<referedAttribute>FF80536B-96A0-3ED8-D58B-E2067E0D6811</referedAttribute>
<useDomainConstraints>false</useDomainConstraints>
<use>1</use>
<logicalDatatype>LOGDT011</logicalDatatype>
<ownDataTypeParameters>,,</ownDataTypeParameters>
</Attribute>
<Attribute name="Department EmployeeID" id="8B8CAB5C-A58B-F463-27CC-AA6BCA7E729D">
<createdBy>zoran.kovacevic</createdBy>
<createdTime>2019-01-31 09:41:53 UTC</createdTime>
<generatorID>9245422E-025F-BF61-3BB3-EDAEDE99C788</generatorID>
<ownerDesignName>Company Employee Management</ownerDesignName>
<engineerTo>
<item key="64F8AF5E-2ACB-6988-18D2-EB2F8B8DEC90" value="true"/>
</engineerTo>
<referedAttribute>BA5CC6D3-8110-2BB1-719C-ADD2297EEC85</referedAttribute>
<useDomainConstraints>false</useDomainConstraints>
<use>1</use>
<logicalDatatype>LOGDT011</logicalDatatype>
<ownDataTypeParameters>,,</ownDataTypeParameters>
</Attribute>
<Attribute name="Department JobID" id="E7F33CF1-E2B9-A3C4-5BBF-5F146C9782A8">
<createdBy>zoran.kovacevic</createdBy>
<createdTime>2019-01-31 09:41:53 UTC</createdTime>
<generatorID>9245422E-025F-BF61-3BB3-EDAEDE99C788</generatorID>
<ownerDesignName>Company Employee Management</ownerDesignName>
<engineerTo>
<item key="64F8AF5E-2ACB-6988-18D2-EB2F8B8DEC90" value="true"/>
</engineerTo>
<referedAttribute>8D249D16-841E-5A9B-9696-725EF8F1C3ED</referedAttribute>
<useDomainConstraints>false</useDomainConstraints>
<use>1</use>
<logicalDatatype>LOGDT011</logicalDatatype>
<ownDataTypeParameters>,,</ownDataTypeParameters>
</Attribute>
<Attribute name="Department Branches BranchID" id="25DA2D8E-04DC-4F99-85DD-D60B9B2D25E8">
<createdBy>zoran.kovacevic</createdBy>
<createdTime>2019-01-31 09:47:36 UTC</createdTime>
<generatorID>9245422E-025F-BF61-3BB3-EDAEDE99C788</generatorID>
<ownerDesignName>Company Employee Management</ownerDesignName>
<engineerTo>
<item key="64F8AF5E-2ACB-6988-18D2-EB2F8B8DEC90" value="true"/>
</engineerTo>
<referedAttribute>BA72C5FF-132A-50C8-A0EA-CF98BC63F1FF</referedAttribute>
<useDomainConstraints>false</useDomainConstraints>
<use>1</use>
<logicalDatatype>LOGDT011</logicalDatatype>
<ownDataTypeParameters>,,</ownDataTypeParameters>
</Attribute>
<Attribute name="DepartmentID1" id="39B97EF7-E9ED-2A61-1774-F7B12758207A">
<createdBy>zoran.kovacevic</createdBy>
<createdTime>2019-01-31 09:49:13 UTC</createdTime>
<generatorID>9245422E-025F-BF61-3BB3-EDAEDE99C788</generatorID>
<ownerDesignName>Company Employee Management</ownerDesignName>
<engineerTo>
<item key="64F8AF5E-2ACB-6988-18D2-EB2F8B8DEC90" value="true"/>
</engineerTo>
<referedAttribute>C4CD6C19-984B-9F66-F024-010A583BBF37</referedAttribute>
<useDomainConstraints>false</useDomainConstraints>
<use>1</use>
<logicalDatatype>LOGDT011</logicalDatatype>
<ownDataTypeParameters>,,</ownDataTypeParameters>
</Attribute>
<Attribute name="Employee EmployeeID1" id="97B8C9CA-2717-6C8A-AD59-A1BFFC9CA17A">
<createdBy>zoran.kovacevic</createdBy>
<createdTime>2019-01-31 09:49:13 UTC</createdTime>
<generatorID>9245422E-025F-BF61-3BB3-EDAEDE99C788</generatorID>
<ownerDesignName>Company Employee Management</ownerDesignName>
<engineerTo>
<item key="64F8AF5E-2ACB-6988-18D2-EB2F8B8DEC90" value="true"/>
</engineerTo>
<referedAttribute>5B3F36C5-E5D5-502F-6447-03DCD621EB3E</referedAttribute>
<useDomainConstraints>false</useDomainConstraints>
<use>1</use>
<logicalDatatype>LOGDT011</logicalDatatype>
<ownDataTypeParameters>,,</ownDataTypeParameters>
</Attribute>
<Attribute name="Job JobID11" id="3D12D637-32E0-8EC3-0878-F80A9A0FCEE3">
<createdBy>zoran.kovacevic</createdBy>
<createdTime>2019-01-31 09:49:13 UTC</createdTime>
<generatorID>9245422E-025F-BF61-3BB3-EDAEDE99C788</generatorID>
<ownerDesignName>Company Employee Management</ownerDesignName>
<engineerTo>
<item key="64F8AF5E-2ACB-6988-18D2-EB2F8B8DEC90" value="true"/>
</engineerTo>
<referedAttribute>EAA9B1B5-ADA2-5091-4813-09F4603CFE68</referedAttribute>
<useDomainConstraints>false</useDomainConstraints>
<use>1</use>
<logicalDatatype>LOGDT011</logicalDatatype>
<ownDataTypeParameters>,,</ownDataTypeParameters>
</Attribute>
<Attribute name="Branches BranchID1" id="2A93E8EA-7638-ECC6-BB3E-2A39E2324361">
<createdBy>zoran.kovacevic</createdBy>
<createdTime>2019-01-31 09:49:14 UTC</createdTime>
<generatorID>9245422E-025F-BF61-3BB3-EDAEDE99C788</generatorID>
<ownerDesignName>Company Employee Management</ownerDesignName>
<engineerTo>
<item key="64F8AF5E-2ACB-6988-18D2-EB2F8B8DEC90" value="true"/>
</engineerTo>
<referedAttribute>5A3B94A1-54DF-86FF-B82A-1D568B371F3B</referedAttribute>
<useDomainConstraints>false</useDomainConstraints>
<use>1</use>
<logicalDatatype>LOGDT011</logicalDatatype>
<ownDataTypeParameters>,,</ownDataTypeParameters>
</Attribute>
</attributes>
<identifiers itemClass="oracle.dbtools.crest.model.design.logical.CandidateKey">
<identifier id="EC9A6B7F-82BC-B1AD-5860-F8D33571786B" name="JobHistory PK">
<createdBy>zoran.kovacevic</createdBy>
<createdTime>2019-01-31 09:38:09 UTC</createdTime>
<ownerDesignName>Company Employee Management</ownerDesignName>
<engineerTo>
<item key="64F8AF5E-2ACB-6988-18D2-EB2F8B8DEC90" value="true"/>
</engineerTo>
<pk>true</pk>
<usedAttributes>
<attributeRef>9BBA731C-633A-CB2C-DF0C-F301F7B92574</attributeRef>
<attributeRef>16BD527E-3026-A851-5C8A-F3E238DF4A77</attributeRef>
<attributeRef>7BF941B2-E042-ADE7-C839-29166F95C6A7</attributeRef>
<attributeRef>E80DBCE1-6963-6CCB-FE2F-8214E59C4CE2</attributeRef>
<attributeRef>8B8CAB5C-A58B-F463-27CC-AA6BCA7E729D</attributeRef>
<attributeRef>E7F33CF1-E2B9-A3C4-5BBF-5F146C9782A8</attributeRef>
<attributeRef>25DA2D8E-04DC-4F99-85DD-D60B9B2D25E8</attributeRef>
<attributeRef>39B97EF7-E9ED-2A61-1774-F7B12758207A</attributeRef>
<attributeRef>97B8C9CA-2717-6C8A-AD59-A1BFFC9CA17A</attributeRef>
<attributeRef>3D12D637-32E0-8EC3-0878-F80A9A0FCEE3</attributeRef>
<attributeRef>2A93E8EA-7638-ECC6-BB3E-2A39E2324361</attributeRef>
</usedAttributes>
</identifier>
</identifiers>
</Entity>