<?xml version = '1.0' encoding = 'UTF-8'?>
<Entity class="oracle.dbtools.crest.model.design.logical.Entity" directorySegmentName="seg_0" id="B98353EE-4BCE-CAF2-966E-BAFD6EA1932E" name="Employee">
<createdBy>ROBOTECH</createdBy>
<createdTime>2019-01-30 20:46:58 UTC</createdTime>
<ownerDesignName>Company Employee Management</ownerDesignName>
<engineerTo>
<item key="64F8AF5E-2ACB-6988-18D2-EB2F8B8DEC90" value="true"/>
</engineerTo>
<adequatelyNormalized>NO</adequatelyNormalized>
<expectedVolumes>0</expectedVolumes>
<fwdEngineeringStrategyName>Single Table</fwdEngineeringStrategyName>
<growthPercent>0</growthPercent>
<growthType>Year</growthType>
<maxVolumes>9999999</maxVolumes>
<minVolumes>0</minVolumes>
<normalForm>Third</normalForm>
<attributes itemClass="oracle.dbtools.crest.model.design.logical.Attribute">
<Attribute name="EmployeeID" id="E0005ED1-0EAC-A107-BBCA-BB7925D56237">
<createdBy>ROBOTECH</createdBy>
<createdTime>2019-01-30 21:00:31 UTC</createdTime>
<ownerDesignName>Company Employee Management</ownerDesignName>
<engineerTo>
<item key="64F8AF5E-2ACB-6988-18D2-EB2F8B8DEC90" value="true"/>
</engineerTo>
<useDomainConstraints>false</useDomainConstraints>
<use>1</use>
<logicalDatatype>LOGDT011</logicalDatatype>
<ownDataTypeParameters>,,</ownDataTypeParameters>
</Attribute>
<Attribute name="Contract" id="1F050EED-E308-9EDF-7E82-0A63379FD660">
<createdBy>ROBOTECH</createdBy>
<createdTime>2019-01-30 21:00:12 UTC</createdTime>
<ownerDesignName>Company Employee Management</ownerDesignName>
<engineerTo>
<item key="64F8AF5E-2ACB-6988-18D2-EB2F8B8DEC90" value="true"/>
</engineerTo>
<useDomainConstraints>false</useDomainConstraints>
<use>1</use>
<logicalDatatype>LOGDT024</logicalDatatype>
<dataTypeSize>50</dataTypeSize>
<ownDataTypeParameters>50,,</ownDataTypeParameters>
</Attribute>
<Attribute name="FirstName" id="2F8E2631-4F27-A86D-3FE6-48970C5A25C3">
<createdBy>ROBOTECH</createdBy>
<createdTime>2019-01-30 21:00:58 UTC</createdTime>
<ownerDesignName>Company Employee Management</ownerDesignName>
<engineerTo>
<item key="64F8AF5E-2ACB-6988-18D2-EB2F8B8DEC90" value="true"/>
</engineerTo>
<useDomainConstraints>false</useDomainConstraints>
<use>1</use>
<logicalDatatype>LOGDT024</logicalDatatype>
<dataTypeSize>50</dataTypeSize>
<ownDataTypeParameters>50,,</ownDataTypeParameters>
</Attribute>
<Attribute name="LastName" id="CF99672A-CBF2-95B5-4E41-25FB00538D21">
<createdBy>ROBOTECH</createdBy>
<createdTime>2019-01-30 21:01:17 UTC</createdTime>
<ownerDesignName>Company Employee Management</ownerDesignName>
<engineerTo>
<item key="64F8AF5E-2ACB-6988-18D2-EB2F8B8DEC90" value="true"/>
</engineerTo>
<useDomainConstraints>false</useDomainConstraints>
<use>1</use>
<logicalDatatype>LOGDT024</logicalDatatype>
<dataTypeSize>50</dataTypeSize>
<ownDataTypeParameters>50,,</ownDataTypeParameters>
</Attribute>
<Attribute name="EmployeeID1" id="1859D6DF-D41D-D8EC-B29B-C906782BF46E">
<createdBy>ROBOTECH</createdBy>
<createdTime>2019-01-30 21:27:05 UTC</createdTime>
<generatorID>F9A3C5EC-66D3-4021-5681-D014A9964F1F</generatorID>
<ownerDesignName>Company Employee Management</ownerDesignName>
<engineerTo>
<item key="64F8AF5E-2ACB-6988-18D2-EB2F8B8DEC90" value="true"/>
</engineerTo>
<referedAttribute>0F41D959-2EE7-91AC-A5F6-F084411FB744</referedAttribute>
<useDomainConstraints>false</useDomainConstraints>
<use>1</use>
<logicalDatatype>LOGDT011</logicalDatatype>
<ownDataTypeParameters>,,</ownDataTypeParameters>
</Attribute>
<Attribute name="Employee EmployeeID1" id="08386700-D926-73E2-1B30-87D141D4F78D">
<createdBy>zoran.kovacevic</createdBy>
<createdTime>2019-01-31 09:24:32 UTC</createdTime>
<generatorID>89C39848-E8F5-6B2D-54D0-6B7EA7D7D438</generatorID>
<ownerDesignName>Company Employee Management</ownerDesignName>
<engineerTo>
<item key="64F8AF5E-2ACB-6988-18D2-EB2F8B8DEC90" value="true"/>
</engineerTo>
<referedAttribute>E0005ED1-0EAC-A107-BBCA-BB7925D56237</referedAttribute>
<useDomainConstraints>false</useDomainConstraints>
<use>1</use>
<logicalDatatype>LOGDT011</logicalDatatype>
<ownDataTypeParameters>,,</ownDataTypeParameters>
</Attribute>
<Attribute name="Department DepartmentID" id="BF146A9A-59B3-D6A5-7325-BD65180CFDED">
<createdBy>zoran.kovacevic</createdBy>
<createdTime>2019-01-31 09:27:53 UTC</createdTime>
<generatorID>5A54B80A-4727-33BA-B87E-7F623E64E3FA</generatorID>
<ownerDesignName>Company Employee Management</ownerDesignName>
<engineerTo>
<item key="64F8AF5E-2ACB-6988-18D2-EB2F8B8DEC90" value="true"/>
</engineerTo>
<referedAttribute>FF80536B-96A0-3ED8-D58B-E2067E0D6811</referedAttribute>
<useDomainConstraints>false</useDomainConstraints>
<use>1</use>
<logicalDatatype>LOGDT011</logicalDatatype>
<ownDataTypeParameters>,,</ownDataTypeParameters>
</Attribute>
<Attribute name="Department Employee EmployeeID" id="0DB40D0F-5A4D-E2B7-0952-E498D7B164EB">
<createdBy>zoran.kovacevic</createdBy>
<createdTime>2019-01-31 09:27:53 UTC</createdTime>
<generatorID>5A54B80A-4727-33BA-B87E-7F623E64E3FA</generatorID>
<ownerDesignName>Company Employee Management</ownerDesignName>
<engineerTo>
<item key="64F8AF5E-2ACB-6988-18D2-EB2F8B8DEC90" value="true"/>
</engineerTo>
<referedAttribute>BA5CC6D3-8110-2BB1-719C-ADD2297EEC85</referedAttribute>
<useDomainConstraints>false</useDomainConstraints>
<use>1</use>
<logicalDatatype>LOGDT011</logicalDatatype>
<ownDataTypeParameters>,,</ownDataTypeParameters>
</Attribute>
<Attribute name="Job JobID" id="FF2C8010-ACFD-8F0D-DDAA-A613E9BFDC26">
<createdBy>zoran.kovacevic</createdBy>
<createdTime>2019-01-31 09:30:17 UTC</createdTime>
<generatorID>3EED93C9-06A3-D668-9C3D-E1192876FE7D</generatorID>
<ownerDesignName>Company Employee Management</ownerDesignName>
<engineerTo>
<item key="64F8AF5E-2ACB-6988-18D2-EB2F8B8DEC90" value="true"/>
</engineerTo>
<referedAttribute>3716AEB1-8EB0-CE33-8CCB-FC5B676B5A81</referedAttribute>
<useDomainConstraints>false</useDomainConstraints>
<use>1</use>
<logicalDatatype>LOGDT011</logicalDatatype>
<ownDataTypeParameters>,,</ownDataTypeParameters>
</Attribute>
<Attribute name="Employee JobID" id="93148105-E730-DA81-4DDE-D9356F029F2C">
<createdBy>zoran.kovacevic</createdBy>
<createdTime>2019-01-31 09:30:17 UTC</createdTime>
<generatorID>89C39848-E8F5-6B2D-54D0-6B7EA7D7D438</generatorID>
<ownerDesignName>Company Employee Management</ownerDesignName>
<engineerTo>
<item key="64F8AF5E-2ACB-6988-18D2-EB2F8B8DEC90" value="true"/>
</engineerTo>
<referedAttribute>FF2C8010-ACFD-8F0D-DDAA-A613E9BFDC26</referedAttribute>
<useDomainConstraints>false</useDomainConstraints>
<use>1</use>
<logicalDatatype>LOGDT011</logicalDatatype>
<ownDataTypeParameters>,,</ownDataTypeParameters>
</Attribute>
<Attribute name="Department Employee JobID" id="2E9DB0DB-5ECB-B09A-1C40-708ABA76C23B">
<createdBy>zoran.kovacevic</createdBy>
<createdTime>2019-01-31 09:30:17 UTC</createdTime>
<generatorID>5A54B80A-4727-33BA-B87E-7F623E64E3FA</generatorID>
<ownerDesignName>Company Employee Management</ownerDesignName>
<engineerTo>
<item key="64F8AF5E-2ACB-6988-18D2-EB2F8B8DEC90" value="true"/>
</engineerTo>
<referedAttribute>8D249D16-841E-5A9B-9696-725EF8F1C3ED</referedAttribute>
<useDomainConstraints>false</useDomainConstraints>
<use>1</use>
<logicalDatatype>LOGDT011</logicalDatatype>
<ownDataTypeParameters>,,</ownDataTypeParameters>
</Attribute>
<Attribute name="Department Branches BranchID" id="57A07748-174D-877B-3DB5-E7F0A5304188">
<createdBy>zoran.kovacevic</createdBy>
<createdTime>2019-01-31 09:47:36 UTC</createdTime>
<generatorID>5A54B80A-4727-33BA-B87E-7F623E64E3FA</generatorID>
<ownerDesignName>Company Employee Management</ownerDesignName>
<engineerTo>
<item key="64F8AF5E-2ACB-6988-18D2-EB2F8B8DEC90" value="true"/>
</engineerTo>
<referedAttribute>BA72C5FF-132A-50C8-A0EA-CF98BC63F1FF</referedAttribute>
<useDomainConstraints>false</useDomainConstraints>
<use>1</use>
<logicalDatatype>LOGDT011</logicalDatatype>
<ownDataTypeParameters>,,</ownDataTypeParameters>
</Attribute>
<Attribute name="Location LocationID" id="E73125C7-8142-A940-4A2B-2A5F988EE137">
<createdBy>zoran.kovacevic</createdBy>
<createdTime>2019-01-31 09:47:56 UTC</createdTime>
<generatorID>A3B8CCB8-A1CF-2C90-CAF6-13BDD1B02238</generatorID>
<ownerDesignName>Company Employee Management</ownerDesignName>
<engineerTo>
<item key="64F8AF5E-2ACB-6988-18D2-EB2F8B8DEC90" value="true"/>
</engineerTo>
<referedAttribute>3081546B-54FC-D928-DDFA-872AC20BE412</referedAttribute>
<useDomainConstraints>false</useDomainConstraints>
<use>1</use>
<logicalDatatype>LOGDT011</logicalDatatype>
<ownDataTypeParameters>,,</ownDataTypeParameters>
</Attribute>
<Attribute name="DepartmentID1" id="BF346D01-FDAD-6D2B-1E88-CAEAEC6BDF0B">
<createdBy>zoran.kovacevic</createdBy>
<createdTime>2019-01-31 09:49:13 UTC</createdTime>
<generatorID>5A54B80A-4727-33BA-B87E-7F623E64E3FA</generatorID>
<ownerDesignName>Company Employee Management</ownerDesignName>
<engineerTo>
<item key="64F8AF5E-2ACB-6988-18D2-EB2F8B8DEC90" value="true"/>
</engineerTo>
<referedAttribute>C4CD6C19-984B-9F66-F024-010A583BBF37</referedAttribute>
<useDomainConstraints>false</useDomainConstraints>
<use>1</use>
<logicalDatatype>LOGDT011</logicalDatatype>
<ownDataTypeParameters>,,</ownDataTypeParameters>
</Attribute>
<Attribute name="Employee EmployeeID11" id="0401D9E4-5C09-3DD3-BF5D-091D2546F571">
<createdBy>zoran.kovacevic</createdBy>
<createdTime>2019-01-31 09:49:13 UTC</createdTime>
<generatorID>5A54B80A-4727-33BA-B87E-7F623E64E3FA</generatorID>
<ownerDesignName>Company Employee Management</ownerDesignName>
<engineerTo>
<item key="64F8AF5E-2ACB-6988-18D2-EB2F8B8DEC90" value="true"/>
</engineerTo>
<referedAttribute>5B3F36C5-E5D5-502F-6447-03DCD621EB3E</referedAttribute>
<useDomainConstraints>false</useDomainConstraints>
<use>1</use>
<logicalDatatype>LOGDT011</logicalDatatype>
<ownDataTypeParameters>,,</ownDataTypeParameters>
</Attribute>
<Attribute name="Job JobID1" id="AD0D5A09-BC8E-6D7A-C818-F70FEA2C9000">
<createdBy>zoran.kovacevic</createdBy>
<createdTime>2019-01-31 09:49:13 UTC</createdTime>
<generatorID>5A54B80A-4727-33BA-B87E-7F623E64E3FA</generatorID>
<ownerDesignName>Company Employee Management</ownerDesignName>
<engineerTo>
<item key="64F8AF5E-2ACB-6988-18D2-EB2F8B8DEC90" value="true"/>
</engineerTo>
<referedAttribute>EAA9B1B5-ADA2-5091-4813-09F4603CFE68</referedAttribute>
<useDomainConstraints>false</useDomainConstraints>
<use>1</use>
<logicalDatatype>LOGDT011</logicalDatatype>
<ownDataTypeParameters>,,</ownDataTypeParameters>
</Attribute>
<Attribute name="Branches BranchID1" id="09439F31-8D09-B149-D370-FF4B27AA88E0">
<createdBy>zoran.kovacevic</createdBy>
<createdTime>2019-01-31 09:49:14 UTC</createdTime>
<generatorID>5A54B80A-4727-33BA-B87E-7F623E64E3FA</generatorID>
<ownerDesignName>Company Employee Management</ownerDesignName>
<engineerTo>
<item key="64F8AF5E-2ACB-6988-18D2-EB2F8B8DEC90" value="true"/>
</engineerTo>
<referedAttribute>5A3B94A1-54DF-86FF-B82A-1D568B371F3B</referedAttribute>
<useDomainConstraints>false</useDomainConstraints>
<use>1</use>
<logicalDatatype>LOGDT011</logicalDatatype>
<ownDataTypeParameters>,,</ownDataTypeParameters>
</Attribute>
<Attribute name="JobID" id="D74226D6-3072-6020-9BE6-ECE0FB2C2D6F">
<createdBy>zoran.kovacevic</createdBy>
<createdTime>2019-01-31 09:49:14 UTC</createdTime>
<generatorID>27364A1E-8789-A441-DBAD-9B0665FE5369</generatorID>
<ownerDesignName>Company Employee Management</ownerDesignName>
<engineerTo>
<item key="64F8AF5E-2ACB-6988-18D2-EB2F8B8DEC90" value="true"/>
</engineerTo>
<referedAttribute>3716AEB1-8EB0-CE33-8CCB-FC5B676B5A81</referedAttribute>
<useDomainConstraints>false</useDomainConstraints>
<use>1</use>
<logicalDatatype>LOGDT011</logicalDatatype>
<ownDataTypeParameters>,,</ownDataTypeParameters>
</Attribute>
</attributes>
<identifiers itemClass="oracle.dbtools.crest.model.design.logical.CandidateKey">
<identifier id="5184B343-CDAD-4D93-08C0-9260B0E7F83D" name="Employee PK">
<createdBy>ROBOTECH</createdBy>
<createdTime>2019-01-30 21:07:58 UTC</createdTime>
<ownerDesignName>Company Employee Management</ownerDesignName>
<engineerTo>
<item key="64F8AF5E-2ACB-6988-18D2-EB2F8B8DEC90" value="true"/>
</engineerTo>
<pk>true</pk>
<usedAttributes>
<attributeRef>E0005ED1-0EAC-A107-BBCA-BB7925D56237</attributeRef>
<attributeRef>FF2C8010-ACFD-8F0D-DDAA-A613E9BFDC26</attributeRef>
</usedAttributes>
</identifier>
</identifiers>
</Entity>