<?xml version = '1.0' encoding = 'UTF-8'?>
<Entity class="oracle.dbtools.crest.model.design.logical.Entity" directorySegmentName="seg_0" id="FAFA4988-49FC-CE32-8180-B184958BE09F" name="Branches">
<createdBy>ROBOTECH</createdBy>
<createdTime>2019-01-30 21:08:51 UTC</createdTime>
<ownerDesignName>Company Employee Management</ownerDesignName>
<engineerTo>
<item key="64F8AF5E-2ACB-6988-18D2-EB2F8B8DEC90" value="true"/>
</engineerTo>
<adequatelyNormalized>NO</adequatelyNormalized>
<expectedVolumes>0</expectedVolumes>
<fwdEngineeringStrategyName>Single Table</fwdEngineeringStrategyName>
<growthPercent>0</growthPercent>
<growthType>Year</growthType>
<maxVolumes>9999999</maxVolumes>
<minVolumes>0</minVolumes>
<normalForm>Third</normalForm>
<attributes itemClass="oracle.dbtools.crest.model.design.logical.Attribute">
<Attribute name="BranchID" id="763A77C8-52A2-5E89-F72C-EB654DB07F1A">
<createdBy>ROBOTECH</createdBy>
<createdTime>2019-01-30 21:20:16 UTC</createdTime>
<ownerDesignName>Company Employee Management</ownerDesignName>
<engineerTo>
<item key="64F8AF5E-2ACB-6988-18D2-EB2F8B8DEC90" value="true"/>
</engineerTo>
<useDomainConstraints>false</useDomainConstraints>
<use>1</use>
<logicalDatatype>LOGDT011</logicalDatatype>
<ownDataTypeParameters>,,</ownDataTypeParameters>
</Attribute>
<Attribute name="BranchName" id="95D2D544-56F8-2C4B-2918-26148E9F2AB6">
<createdBy>ROBOTECH</createdBy>
<createdTime>2019-01-30 21:20:50 UTC</createdTime>
<ownerDesignName>Company Employee Management</ownerDesignName>
<engineerTo>
<item key="64F8AF5E-2ACB-6988-18D2-EB2F8B8DEC90" value="true"/>
</engineerTo>
<useDomainConstraints>false</useDomainConstraints>
<use>1</use>
<logicalDatatype>LOGDT024</logicalDatatype>
<dataTypeSize>50</dataTypeSize>
<ownDataTypeParameters>50,,</ownDataTypeParameters>
</Attribute>
<Attribute name="EmployeeID1" id="DC4FFE70-9B3C-07B2-571A-28D9EBE9DB09">
<createdBy>ROBOTECH</createdBy>
<createdTime>2019-01-30 21:22:20 UTC</createdTime>
<generatorID>5AD5FC03-52B3-E614-4C0D-FE066AAC5488</generatorID>
<ownerDesignName>Company Employee Management</ownerDesignName>
<engineerTo>
<item key="64F8AF5E-2ACB-6988-18D2-EB2F8B8DEC90" value="true"/>
</engineerTo>
<referedAttribute>0F41D959-2EE7-91AC-A5F6-F084411FB744</referedAttribute>
<useDomainConstraints>false</useDomainConstraints>
<use>1</use>
<logicalDatatype>LOGDT011</logicalDatatype>
<ownDataTypeParameters>,,</ownDataTypeParameters>
</Attribute>
<Attribute name="StreetAddress" id="076F48F7-0A58-C6BC-AC25-4D28BF878062">
<createdBy>zoran.kovacevic</createdBy>
<createdTime>2019-01-31 09:49:13 UTC</createdTime>
<generatorID>DC948654-F080-3D06-7ADF-878316FE73E4</generatorID>
<ownerDesignName>Company Employee Management</ownerDesignName>
<engineerTo>
<item key="64F8AF5E-2ACB-6988-18D2-EB2F8B8DEC90" value="true"/>
</engineerTo>
<useDomainConstraints>false</useDomainConstraints>
<use>1</use>
<logicalDatatype>LOGDT024</logicalDatatype>
<dataTypeSize>50</dataTypeSize>
<ownDataTypeParameters>50,,</ownDataTypeParameters>
</Attribute>
<Attribute name="City" id="ED9ED096-0FAB-9989-B162-E137782A77F2">
<createdBy>zoran.kovacevic</createdBy>
<createdTime>2019-01-31 09:49:13 UTC</createdTime>
<generatorID>1D266F26-A1DA-310E-BB72-A491EB6AA636</generatorID>
<ownerDesignName>Company Employee Management</ownerDesignName>
<engineerTo>
<item key="64F8AF5E-2ACB-6988-18D2-EB2F8B8DEC90" value="true"/>
</engineerTo>
<useDomainConstraints>false</useDomainConstraints>
<use>1</use>
<logicalDatatype>LOGDT024</logicalDatatype>
<dataTypeSize>50</dataTypeSize>
<ownDataTypeParameters>50,,</ownDataTypeParameters>
</Attribute>
<Attribute name="State" id="D1A1A1EF-0800-0210-15F7-8107A41B2513">
<createdBy>zoran.kovacevic</createdBy>
<createdTime>2019-01-31 09:49:13 UTC</createdTime>
<generatorID>D1F84C05-841B-2DE3-B267-29F3506E908F</generatorID>
<ownerDesignName>Company Employee Management</ownerDesignName>
<engineerTo>
<item key="64F8AF5E-2ACB-6988-18D2-EB2F8B8DEC90" value="true"/>
</engineerTo>
<useDomainConstraints>false</useDomainConstraints>
<use>1</use>
<logicalDatatype>LOGDT024</logicalDatatype>
<dataTypeSize>50</dataTypeSize>
<ownDataTypeParameters>50,,</ownDataTypeParameters>
</Attribute>
<Attribute name="EmployeeID" id="84A31A96-E83C-DDFF-0CF6-5794F7773580">
<createdBy>zoran.kovacevic</createdBy>
<createdTime>2019-01-31 09:49:13 UTC</createdTime>
<generatorID>BA4DDEE8-472B-404A-7DC5-E118EA079EB0</generatorID>
<ownerDesignName>Company Employee Management</ownerDesignName>
<engineerTo>
<item key="64F8AF5E-2ACB-6988-18D2-EB2F8B8DEC90" value="true"/>
</engineerTo>
<useDomainConstraints>false</useDomainConstraints>
<use>1</use>
<logicalDatatype>LOGDT011</logicalDatatype>
<ownDataTypeParameters>,,</ownDataTypeParameters>
</Attribute>
<Attribute name="DepartmentID" id="24734972-1101-5291-994A-151A14FBCC2F">
<createdBy>zoran.kovacevic</createdBy>
<createdTime>2019-01-31 09:49:13 UTC</createdTime>
<generatorID>FB0C0675-1ACD-85EF-AF96-016B3BB085E7</generatorID>
<ownerDesignName>Company Employee Management</ownerDesignName>
<engineerTo>
<item key="64F8AF5E-2ACB-6988-18D2-EB2F8B8DEC90" value="true"/>
</engineerTo>
<referedAttribute>FF80536B-96A0-3ED8-D58B-E2067E0D6811</referedAttribute>
<useDomainConstraints>false</useDomainConstraints>
<use>1</use>
<logicalDatatype>LOGDT011</logicalDatatype>
<ownDataTypeParameters>,,</ownDataTypeParameters>
</Attribute>
<Attribute name="Employee EmployeeID" id="EE5B35BB-F5AC-5FBA-F4BD-92AC0265B960">
<createdBy>zoran.kovacevic</createdBy>
<createdTime>2019-01-31 09:49:13 UTC</createdTime>
<generatorID>FB0C0675-1ACD-85EF-AF96-016B3BB085E7</generatorID>
<ownerDesignName>Company Employee Management</ownerDesignName>
<engineerTo>
<item key="64F8AF5E-2ACB-6988-18D2-EB2F8B8DEC90" value="true"/>
</engineerTo>
<referedAttribute>BA5CC6D3-8110-2BB1-719C-ADD2297EEC85</referedAttribute>
<useDomainConstraints>false</useDomainConstraints>
<use>1</use>
<logicalDatatype>LOGDT011</logicalDatatype>
<ownDataTypeParameters>,,</ownDataTypeParameters>
</Attribute>
<Attribute name="Job JobID" id="37E73589-A10A-737A-33E0-1BE78F422075">
<createdBy>zoran.kovacevic</createdBy>
<createdTime>2019-01-31 09:49:13 UTC</createdTime>
<generatorID>FB0C0675-1ACD-85EF-AF96-016B3BB085E7</generatorID>
<ownerDesignName>Company Employee Management</ownerDesignName>
<engineerTo>
<item key="64F8AF5E-2ACB-6988-18D2-EB2F8B8DEC90" value="true"/>
</engineerTo>
<referedAttribute>8D249D16-841E-5A9B-9696-725EF8F1C3ED</referedAttribute>
<useDomainConstraints>false</useDomainConstraints>
<use>1</use>
<logicalDatatype>LOGDT011</logicalDatatype>
<ownDataTypeParameters>,,</ownDataTypeParameters>
</Attribute>
<Attribute name="Branches BranchID" id="E79563E3-0427-9689-3ED5-68F0A92708AE">
<createdBy>zoran.kovacevic</createdBy>
<createdTime>2019-01-31 09:49:13 UTC</createdTime>
<generatorID>FB0C0675-1ACD-85EF-AF96-016B3BB085E7</generatorID>
<ownerDesignName>Company Employee Management</ownerDesignName>
<engineerTo>
<item key="64F8AF5E-2ACB-6988-18D2-EB2F8B8DEC90" value="true"/>
</engineerTo>
<referedAttribute>BA72C5FF-132A-50C8-A0EA-CF98BC63F1FF</referedAttribute>
<useDomainConstraints>false</useDomainConstraints>
<use>1</use>
<logicalDatatype>LOGDT011</logicalDatatype>
<ownDataTypeParameters>,,</ownDataTypeParameters>
</Attribute>
<Attribute name="JobID" id="0A7E2F15-187F-622E-BF08-DDB000355FDA">
<createdBy>zoran.kovacevic</createdBy>
<createdTime>2019-01-31 09:49:14 UTC</createdTime>
<generatorID>EE3759C7-9133-6268-E810-0F4C03619245</generatorID>
<ownerDesignName>Company Employee Management</ownerDesignName>
<engineerTo>
<item key="64F8AF5E-2ACB-6988-18D2-EB2F8B8DEC90" value="true"/>
</engineerTo>
<referedAttribute>3716AEB1-8EB0-CE33-8CCB-FC5B676B5A81</referedAttribute>
<useDomainConstraints>false</useDomainConstraints>
<use>1</use>
<logicalDatatype>LOGDT011</logicalDatatype>
<ownDataTypeParameters>,,</ownDataTypeParameters>
</Attribute>
</attributes>
<identifiers itemClass="oracle.dbtools.crest.model.design.logical.CandidateKey">
<identifier id="7150BE11-6635-9D0D-11BD-6CD82877F9B9" name="Branches PK">
<createdBy>ROBOTECH</createdBy>
<createdTime>2019-01-30 21:20:42 UTC</createdTime>
<ownerDesignName>Company Employee Management</ownerDesignName>
<engineerTo>
<item key="64F8AF5E-2ACB-6988-18D2-EB2F8B8DEC90" value="true"/>
</engineerTo>
<pk>true</pk>
<usedAttributes>
<attributeRef>763A77C8-52A2-5E89-F72C-EB654DB07F1A</attributeRef>
<attributeRef>24734972-1101-5291-994A-151A14FBCC2F</attributeRef>
<attributeRef>EE5B35BB-F5AC-5FBA-F4BD-92AC0265B960</attributeRef>
<attributeRef>37E73589-A10A-737A-33E0-1BE78F422075</attributeRef>
<attributeRef>E79563E3-0427-9689-3ED5-68F0A92708AE</attributeRef>
</usedAttributes>
</identifier>
</identifiers>
</Entity>