<?xml version = '1.0' encoding = 'UTF-8'?>
<Relation class="oracle.dbtools.crest.model.design.logical.Relation" name="AccountPK" directorySegmentName="seg_0" id="1F05506A-26EE-A32F-53B8-DAEF6BE192B2">
<createdBy>ROBOTECH</createdBy>
<createdTime>2019-01-30 22:12:46 UTC</createdTime>
<ownerDesignName>Online Banking System</ownerDesignName>
<engineerTo>
<item key="FCD79AF2-33BC-B959-7D77-44C0B61786AF" value="true"/>
</engineerTo>
<sourcePk>1FECFF81-B4ED-6882-4016-78469B38B711</sourcePk>
<targetPk>58BA6DC6-3028-5BCD-5219-8135E0B19067</targetPk>
<identifying>true</identifying>
<optionalSource>true</optionalSource>
<optionalTarget>false</optionalTarget>
<sourceCardinality>1</sourceCardinality>
<sourceEntity>9118ECD5-532C-BEE9-32B8-772FA7E0D5E7</sourceEntity>
<targetCardinalityString>*</targetCardinalityString>
<targetEntity>9D91EF74-A3A8-5A6D-B308-74B0DAC03EDA</targetEntity>
<transferable>true</transferable>
<deleteRule>SET NULL</deleteRule>
</Relation>