<?xml version = '1.0' encoding = 'UTF-8'?>
<Relation class="oracle.dbtools.crest.model.design.logical.Relation" name="ClientAddressPK" directorySegmentName="seg_0" id="3AC8AEC3-2776-4D34-5542-F5968CA81184">
<createdBy>ROBOTECH</createdBy>
<createdTime>2019-01-30 22:08:13 UTC</createdTime>
<ownerDesignName>Online Banking System</ownerDesignName>
<engineerTo>
<item key="FCD79AF2-33BC-B959-7D77-44C0B61786AF" value="true"/>
</engineerTo>
<sourcePk>D7E8DF64-46E8-BD5E-D1C7-EB3B49C1AF6D</sourcePk>
<targetPk>5DE23027-7226-AF00-6694-F615CB18EBEC</targetPk>
<identifying>true</identifying>
<optionalSource>true</optionalSource>
<optionalTarget>false</optionalTarget>
<sourceCardinality>1</sourceCardinality>
<sourceEntity>269880C7-6650-5973-39A4-E0FD2CD09316</sourceEntity>
<targetCardinalityString>*</targetCardinalityString>
<targetEntity>2A15397C-770A-1BE1-DAC0-714F16B071A7</targetEntity>
<transferable>true</transferable>
<deleteRule>SET NULL</deleteRule>
</Relation>