<?xml version = '1.0' encoding = 'UTF-8'?>
<Relation class="oracle.dbtools.crest.model.design.logical.Relation" name="TransactionPK" directorySegmentName="seg_0" id="427DEF9C-2D3C-8C2C-0828-B741E7E9D0B9">
<createdBy>ROBOTECH</createdBy>
<createdTime>2019-01-30 22:10:16 UTC</createdTime>
<ownerDesignName>Online Banking System</ownerDesignName>
<engineerTo>
<item key="FCD79AF2-33BC-B959-7D77-44C0B61786AF" value="true"/>
</engineerTo>
<sourcePk>B7B4ED4E-3438-32F3-9682-A620F06030A4</sourcePk>
<targetPk>1FECFF81-B4ED-6882-4016-78469B38B711</targetPk>
<identifying>true</identifying>
<optionalSource>true</optionalSource>
<optionalTarget>false</optionalTarget>
<sourceCardinality>1</sourceCardinality>
<sourceEntity>3B6F03EE-63AC-E70A-7E62-4E0A72A7C175</sourceEntity>
<targetCardinalityString>*</targetCardinalityString>
<targetEntity>9118ECD5-532C-BEE9-32B8-772FA7E0D5E7</targetEntity>
<transferable>true</transferable>
<deleteRule>SET NULL</deleteRule>
</Relation>