<?xml version = '1.0' encoding = 'UTF-8'?>
<Relation class="oracle.dbtools.crest.model.design.logical.Relation" name="ClientPK" directorySegmentName="seg_0" id="AB532F00-9660-6C3A-4938-F1CBD739386A">
<createdBy>ROBOTECH</createdBy>
<createdTime>2019-01-30 22:03:50 UTC</createdTime>
<ownerDesignName>Online Banking System</ownerDesignName>
<engineerTo>
<item key="FCD79AF2-33BC-B959-7D77-44C0B61786AF" value="true"/>
</engineerTo>
<sourcePk>A76EB8CA-0760-BFF9-2708-03C5697DE2AF</sourcePk>
<targetPk>5DE23027-7226-AF00-6694-F615CB18EBEC</targetPk>
<identifying>false</identifying>
<optionalSource>false</optionalSource>
<optionalTarget>false</optionalTarget>
<sourceCardinality>1</sourceCardinality>
<sourceEntity>7B75CAFE-6091-61A5-20E0-774EF4261ED3</sourceEntity>
<targetCardinalityString>1</targetCardinalityString>
<targetEntity>2A15397C-770A-1BE1-DAC0-714F16B071A7</targetEntity>
<transferable>true</transferable>
<deleteRule>SET NULL</deleteRule>
</Relation>