<?xml version = '1.0' encoding = 'UTF-8'?>
<Relation class="oracle.dbtools.crest.model.design.logical.Relation" name="StatePK" directorySegmentName="seg_0" id="BC68D7E7-38E4-80B9-F32B-857B5761D749">
<createdBy>ROBOTECH</createdBy>
<createdTime>2019-01-30 22:09:33 UTC</createdTime>
<ownerDesignName>Online Banking System</ownerDesignName>
<engineerTo>
<item key="FCD79AF2-33BC-B959-7D77-44C0B61786AF" value="true"/>
</engineerTo>
<sourcePk>D7E8DF64-46E8-BD5E-D1C7-EB3B49C1AF6D</sourcePk>
<targetPk>B7B4ED4E-3438-32F3-9682-A620F06030A4</targetPk>
<identifying>false</identifying>
<optionalSource>false</optionalSource>
<optionalTarget>false</optionalTarget>
<sourceCardinality>1</sourceCardinality>
<sourceEntity>269880C7-6650-5973-39A4-E0FD2CD09316</sourceEntity>
<targetCardinalityString>*</targetCardinalityString>
<targetEntity>3B6F03EE-63AC-E70A-7E62-4E0A72A7C175</targetEntity>
<transferable>true</transferable>
<deleteRule>SET NULL</deleteRule>
</Relation>