<?xml version = '1.0' encoding = 'UTF-8'?>
<Table class="oracle.dbtools.crest.model.design.relational.Table" directorySegmentName="seg_0" id="32D97845-D89E-6522-0F4B-5A03926B00E2" name="Branches">
<createdBy>ROBOTECH</createdBy>
<createdTime>2019-01-30 21:29:26 UTC</createdTime>
<generatorID>FAFA4988-49FC-CE32-8180-B184958BE09F</generatorID>
<ownerDesignName>Company Employee Management</ownerDesignName>
<allowColumnReorder>false</allowColumnReorder>
<existDependencyGenerateInDDl>true</existDependencyGenerateInDDl>
<parsed>true</parsed>
<columns itemClass="oracle.dbtools.crest.model.design.relational.Column">
<Column name="BranchID" id="F0A65852-FCDC-2EB7-0EE5-544C736CCCC5">
<createdBy>ROBOTECH</createdBy>
<createdTime>2019-01-30 21:29:26 UTC</createdTime>
<generatorID>763A77C8-52A2-5E89-F72C-EB654DB07F1A</generatorID>
<ownerDesignName>Company Employee Management</ownerDesignName>
<useDomainConstraints>false</useDomainConstraints>
<use>1</use>
<logicalDatatype>LOGDT011</logicalDatatype>
<ownDataTypeParameters>,,</ownDataTypeParameters>
<autoIncrementCycle>false</autoIncrementCycle>
</Column>
<Column name="BranchName" id="5848EB61-0FD8-A6A4-3C31-DDD0273927FD">
<createdBy>ROBOTECH</createdBy>
<createdTime>2019-01-30 21:29:26 UTC</createdTime>
<generatorID>95D2D544-56F8-2C4B-2918-26148E9F2AB6</generatorID>
<ownerDesignName>Company Employee Management</ownerDesignName>
<useDomainConstraints>false</useDomainConstraints>
<use>1</use>
<logicalDatatype>LOGDT024</logicalDatatype>
<ownDataTypeParameters>,,</ownDataTypeParameters>
<autoIncrementCycle>false</autoIncrementCycle>
</Column>
<Column name="StreetAddress" id="DC948654-F080-3D06-7ADF-878316FE73E4">
<createdBy>ROBOTECH</createdBy>
<createdTime>2019-01-30 21:29:26 UTC</createdTime>
<generatorID>8F7B01F1-2576-52AC-33DB-77DAA2206A4F</generatorID>
<ownerDesignName>Company Employee Management</ownerDesignName>
<useDomainConstraints>false</useDomainConstraints>
<use>1</use>
<logicalDatatype>LOGDT024</logicalDatatype>
<dataTypeSize>50</dataTypeSize>
<ownDataTypeParameters>50,,</ownDataTypeParameters>
<autoIncrementCycle>false</autoIncrementCycle>
</Column>
<Column name="City" id="1D266F26-A1DA-310E-BB72-A491EB6AA636">
<createdBy>ROBOTECH</createdBy>
<createdTime>2019-01-30 21:29:26 UTC</createdTime>
<generatorID>95DEDA60-7ABF-CC12-08E8-87A2898A3239</generatorID>
<ownerDesignName>Company Employee Management</ownerDesignName>
<useDomainConstraints>false</useDomainConstraints>
<use>1</use>
<logicalDatatype>LOGDT024</logicalDatatype>
<dataTypeSize>50</dataTypeSize>
<ownDataTypeParameters>50,,</ownDataTypeParameters>
<autoIncrementCycle>false</autoIncrementCycle>
</Column>
<Column name="State" id="D1F84C05-841B-2DE3-B267-29F3506E908F">
<createdBy>ROBOTECH</createdBy>
<createdTime>2019-01-30 21:29:26 UTC</createdTime>
<generatorID>192B9838-9B0F-5CFB-0948-577055955E1A</generatorID>
<ownerDesignName>Company Employee Management</ownerDesignName>
<useDomainConstraints>false</useDomainConstraints>
<use>1</use>
<logicalDatatype>LOGDT024</logicalDatatype>
<dataTypeSize>50</dataTypeSize>
<ownDataTypeParameters>50,,</ownDataTypeParameters>
<autoIncrementCycle>false</autoIncrementCycle>
</Column>
<Column name="EmployeeID" id="BA4DDEE8-472B-404A-7DC5-E118EA079EB0">
<createdBy>ROBOTECH</createdBy>
<createdTime>2019-01-30 21:29:26 UTC</createdTime>
<generatorID>74C2C79D-CE4F-4B9B-AAD0-2FF8EDEC7D5D</generatorID>
<ownerDesignName>Company Employee Management</ownerDesignName>
<useDomainConstraints>false</useDomainConstraints>
<use>1</use>
<logicalDatatype>LOGDT011</logicalDatatype>
<ownDataTypeParameters>,,</ownDataTypeParameters>
<previousColumn>false</previousColumn>
<autoIncrementCycle>false</autoIncrementCycle>
</Column>
<Column name="EmployeeID1" id="5B8AC6CA-FA19-A720-860D-A5BA2FF60F2B">
<createdBy>ROBOTECH</createdBy>
<createdTime>2019-01-30 21:29:26 UTC</createdTime>
<generatorID>DC4FFE70-9B3C-07B2-571A-28D9EBE9DB09</generatorID>
<ownerDesignName>Company Employee Management</ownerDesignName>
<useDomainConstraints>false</useDomainConstraints>
<use>1</use>
<logicalDatatype>LOGDT011</logicalDatatype>
<ownDataTypeParameters>,,</ownDataTypeParameters>
<previousColumn>false</previousColumn>
<autoIncrementCycle>false</autoIncrementCycle>
</Column>
<Column name="Role_SignedIn" id="538FA12F-8364-298D-4B6E-4B42BB39EBCA">
<createdBy>ROBOTECH</createdBy>
<createdTime>2019-01-30 21:29:26 UTC</createdTime>
<generatorID>C0C0E2E2-E6F1-9561-1B93-5633276079A6</generatorID>
<ownerDesignName>Company Employee Management</ownerDesignName>
<useDomainConstraints>false</useDomainConstraints>
<use>1</use>
<logicalDatatype>LOGDT047</logicalDatatype>
<dataTypePrecision>4</dataTypePrecision>
<ownDataTypeParameters>,4,</ownDataTypeParameters>
<previousColumn>false</previousColumn>
<autoIncrementCycle>false</autoIncrementCycle>
<associations>
<colAssociation fkAssociation="C605587F-7D0E-C77A-6461-AD2F9F991586" referredColumn="774433AA-40B6-4481-7236-791E727B88A5"/>
</associations>
</Column>
</columns>
<indexes itemClass="oracle.dbtools.crest.model.design.relational.Index">
<ind_PK_UK id="46D26276-666A-EA5F-C4AC-93506EB41192" name="Branches_PK">
<createdBy>ROBOTECH</createdBy>
<createdTime>2019-01-30 21:29:26 UTC</createdTime>
<generatorID>7150BE11-6635-9D0D-11BD-6CD82877F9B9</generatorID>
<ownerDesignName>Company Employee Management</ownerDesignName>
<pk>true</pk>
<indexState>Primary Constraint</indexState>
<isSurrogateKey>false</isSurrogateKey>
<indexColumnUsage>
<colUsage columnID="F0A65852-FCDC-2EB7-0EE5-544C736CCCC5"/>
</indexColumnUsage>
</ind_PK_UK>
<ind_PK_UK id="4B04873B-07B6-6727-1170-5D430B499F21" name="Branches__IDX">
<createdBy>ROBOTECH</createdBy>
<createdTime>2019-01-30 21:29:26 UTC</createdTime>
<ownerDesignName>Company Employee Management</ownerDesignName>
<indexState>Unique Plain Index</indexState>
<isSurrogateKey>false</isSurrogateKey>
<relationGeneratorID>5AD5FC03-52B3-E614-4C0D-FE066AAC5488</relationGeneratorID>
<indexColumnUsage>
<colUsage columnID="538FA12F-8364-298D-4B6E-4B42BB39EBCA"/>
</indexColumnUsage>
</ind_PK_UK>
<ind_PK_UK id="6C9F31DB-28FF-1D51-31CD-AA49C6986FF1" name="Branches_Role_FK">
<createdBy>ROBOTECH</createdBy>
<createdTime>2019-01-30 21:29:26 UTC</createdTime>
<generatorID>5AD5FC03-52B3-E614-4C0D-FE066AAC5488</generatorID>
<ownerDesignName>Company Employee Management</ownerDesignName>
<indexState>Foreign Key</indexState>
<isSurrogateKey>false</isSurrogateKey>
<indexColumnUsage>
<colUsage columnID="538FA12F-8364-298D-4B6E-4B42BB39EBCA"/>
</indexColumnUsage>
</ind_PK_UK>
<ind_PK_UK id="B78834B1-1410-607E-C002-F567C718B6A8" name="Branches_Department_FK">
<createdBy>ROBOTECH</createdBy>
<createdTime>2019-01-30 21:29:26 UTC</createdTime>
<generatorID>1FDE6C7A-4E4B-30FA-2A5B-97B2C860CBF7</generatorID>
<ownerDesignName>Company Employee Management</ownerDesignName>
<indexState>Foreign Key</indexState>
<isSurrogateKey>false</isSurrogateKey>
</ind_PK_UK>
</indexes>
</Table>