<?xml version = '1.0' encoding = 'UTF-8'?>
<Table class="oracle.dbtools.crest.model.design.relational.Table" directorySegmentName="seg_0" id="44277CCC-AA0A-3B4A-9391-AC85A5386299" name="Relation_10">
<createdBy>zoran.kovacevic</createdBy>
<createdTime>2019-01-31 09:48:52 UTC</createdTime>
<ownerDesignName>Company Employee Management</ownerDesignName>
<allowColumnReorder>false</allowColumnReorder>
<existDependencyGenerateInDDl>true</existDependencyGenerateInDDl>
<parsed>true</parsed>
<columns itemClass="oracle.dbtools.crest.model.design.relational.Column">
<Column name="Branches_BranchID" id="7C8F3478-05D8-46E1-97FD-20477CCA35C8">
<createdBy>zoran.kovacevic</createdBy>
<createdTime>2019-01-31 09:48:52 UTC</createdTime>
<ownerDesignName>Company Employee Management</ownerDesignName>
<useDomainConstraints>false</useDomainConstraints>
<use>1</use>
<logicalDatatype>LOGDT011</logicalDatatype>
<ownDataTypeParameters>,,</ownDataTypeParameters>
<previousColumn>false</previousColumn>
<autoIncrementCycle>false</autoIncrementCycle>
<associations>
<colAssociation fkAssociation="FBCCED62-0B71-E5DD-DEC0-0834D69FF6B9" referredColumn="F0A65852-FCDC-2EB7-0EE5-544C736CCCC5"/>
</associations>
</Column>
<Column name="Location_LocationID" id="FA9C5512-FD17-265A-1D29-F6CA292647E8">
<createdBy>zoran.kovacevic</createdBy>
<createdTime>2019-01-31 09:48:52 UTC</createdTime>
<ownerDesignName>Company Employee Management</ownerDesignName>
<useDomainConstraints>false</useDomainConstraints>
<use>1</use>
<logicalDatatype>LOGDT011</logicalDatatype>
<ownDataTypeParameters>,,</ownDataTypeParameters>
<previousColumn>false</previousColumn>
<autoIncrementCycle>false</autoIncrementCycle>
<associations>
<colAssociation fkAssociation="1EA39593-04D2-503A-D359-B201129C663D" referredColumn="FE6F6F40-3CFD-9BA2-04AE-0404C160D9EC"/>
</associations>
</Column>
</columns>
<indexes itemClass="oracle.dbtools.crest.model.design.relational.Index">
<ind_PK_UK id="0D53B06C-9315-D50D-81D9-177D3D7521B7" name="Relation_10_PK">
<createdBy>zoran.kovacevic</createdBy>
<createdTime>2019-01-31 09:48:52 UTC</createdTime>
<ownerDesignName>Company Employee Management</ownerDesignName>
<pk>true</pk>
<indexState>Primary Constraint</indexState>
<isSurrogateKey>false</isSurrogateKey>
<indexColumnUsage>
<colUsage columnID="7C8F3478-05D8-46E1-97FD-20477CCA35C8"/>
<colUsage columnID="FA9C5512-FD17-265A-1D29-F6CA292647E8"/>
</indexColumnUsage>
</ind_PK_UK>
<ind_PK_UK id="847E80E4-BB35-66EA-994C-CD2FF3E56349" name="Relation_10_Branches_FK">
<createdBy>zoran.kovacevic</createdBy>
<createdTime>2019-01-31 09:48:52 UTC</createdTime>
<generatorID>C55C8CAA-87AF-619A-B310-6EA1310752B2</generatorID>
<ownerDesignName>Company Employee Management</ownerDesignName>
<indexState>Foreign Key</indexState>
<isSurrogateKey>false</isSurrogateKey>
<indexColumnUsage>
<colUsage columnID="7C8F3478-05D8-46E1-97FD-20477CCA35C8"/>
</indexColumnUsage>
</ind_PK_UK>
<ind_PK_UK id="F762B856-D4AD-0C8F-E7BB-1C07D283BFF2" name="Relation_10_Location_FK">
<createdBy>zoran.kovacevic</createdBy>
<createdTime>2019-01-31 09:48:52 UTC</createdTime>
<generatorID>C55C8CAA-87AF-619A-B310-6EA1310752B2</generatorID>
<ownerDesignName>Company Employee Management</ownerDesignName>
<indexState>Foreign Key</indexState>
<isSurrogateKey>false</isSurrogateKey>
<indexColumnUsage>
<colUsage columnID="FA9C5512-FD17-265A-1D29-F6CA292647E8"/>
</indexColumnUsage>
</ind_PK_UK>
</indexes>
</Table>