<?xml version = '1.0' encoding = 'UTF-8'?>
<Table class="oracle.dbtools.crest.model.design.relational.Table" directorySegmentName="seg_0" id="4CA2F4EA-7C3D-1FA8-4FEA-127E03D39DD4" name="Employee">
<createdBy>ROBOTECH</createdBy>
<createdTime>2019-01-30 21:29:26 UTC</createdTime>
<generatorID>B98353EE-4BCE-CAF2-966E-BAFD6EA1932E</generatorID>
<ownerDesignName>Company Employee Management</ownerDesignName>
<allowColumnReorder>false</allowColumnReorder>
<existDependencyGenerateInDDl>true</existDependencyGenerateInDDl>
<parsed>true</parsed>
<columns itemClass="oracle.dbtools.crest.model.design.relational.Column">
<Column name="EmployeeID" id="D85F190F-0FF3-63BB-8B72-E796F72EF803">
<createdBy>ROBOTECH</createdBy>
<createdTime>2019-01-30 21:29:26 UTC</createdTime>
<generatorID>E0005ED1-0EAC-A107-BBCA-BB7925D56237</generatorID>
<ownerDesignName>Company Employee Management</ownerDesignName>
<useDomainConstraints>false</useDomainConstraints>
<use>1</use>
<logicalDatatype>LOGDT011</logicalDatatype>
<ownDataTypeParameters>,,</ownDataTypeParameters>
<autoIncrementCycle>false</autoIncrementCycle>
</Column>
<Column name="Contract" id="965BBD5C-FDD2-C409-7831-5B21B08E51F5">
<createdBy>ROBOTECH</createdBy>
<createdTime>2019-01-30 21:29:26 UTC</createdTime>
<generatorID>1F050EED-E308-9EDF-7E82-0A63379FD660</generatorID>
<ownerDesignName>Company Employee Management</ownerDesignName>
<useDomainConstraints>false</useDomainConstraints>
<use>1</use>
<logicalDatatype>LOGDT024</logicalDatatype>
<dataTypeSize>50</dataTypeSize>
<ownDataTypeParameters>50,,</ownDataTypeParameters>
<autoIncrementCycle>false</autoIncrementCycle>
</Column>
<Column name="FirstName" id="92C3EBC4-CE63-1B8F-E637-94BF55221EFA">
<createdBy>ROBOTECH</createdBy>
<createdTime>2019-01-30 21:29:26 UTC</createdTime>
<generatorID>2F8E2631-4F27-A86D-3FE6-48970C5A25C3</generatorID>
<ownerDesignName>Company Employee Management</ownerDesignName>
<useDomainConstraints>false</useDomainConstraints>
<use>1</use>
<logicalDatatype>LOGDT024</logicalDatatype>
<dataTypeSize>50</dataTypeSize>
<ownDataTypeParameters>50,,</ownDataTypeParameters>
<autoIncrementCycle>false</autoIncrementCycle>
</Column>
<Column name="LastName" id="B03228EA-362B-25AC-E303-50E731CE4864">
<createdBy>ROBOTECH</createdBy>
<createdTime>2019-01-30 21:29:26 UTC</createdTime>
<generatorID>CF99672A-CBF2-95B5-4E41-25FB00538D21</generatorID>
<ownerDesignName>Company Employee Management</ownerDesignName>
<useDomainConstraints>false</useDomainConstraints>
<use>1</use>
<logicalDatatype>LOGDT024</logicalDatatype>
<dataTypeSize>50</dataTypeSize>
<ownDataTypeParameters>50,,</ownDataTypeParameters>
<autoIncrementCycle>false</autoIncrementCycle>
</Column>
<Column name="EmployeeID1" id="3D6D1B4F-761D-A1D5-1151-D05FF7D8C701">
<createdBy>ROBOTECH</createdBy>
<createdTime>2019-01-30 21:29:26 UTC</createdTime>
<generatorID>1859D6DF-D41D-D8EC-B29B-C906782BF46E</generatorID>
<ownerDesignName>Company Employee Management</ownerDesignName>
<useDomainConstraints>false</useDomainConstraints>
<use>1</use>
<logicalDatatype>LOGDT011</logicalDatatype>
<ownDataTypeParameters>,,</ownDataTypeParameters>
<previousColumn>false</previousColumn>
<autoIncrementCycle>false</autoIncrementCycle>
</Column>
<Column name="Role_SignedIn" id="56330DC3-00CE-C22D-59C1-BE5F02EE86D0">
<createdBy>ROBOTECH</createdBy>
<createdTime>2019-01-30 21:29:26 UTC</createdTime>
<generatorID>83A01361-4C55-8F3E-9535-B1AB7CB81F45</generatorID>
<ownerDesignName>Company Employee Management</ownerDesignName>
<useDomainConstraints>false</useDomainConstraints>
<use>1</use>
<logicalDatatype>LOGDT047</logicalDatatype>
<dataTypePrecision>4</dataTypePrecision>
<ownDataTypeParameters>,4,</ownDataTypeParameters>
<previousColumn>false</previousColumn>
<autoIncrementCycle>false</autoIncrementCycle>
<associations>
<colAssociation fkAssociation="0C997BE6-E03E-2ACF-C4BF-48E6A761C0F1" referredColumn="774433AA-40B6-4481-7236-791E727B88A5"/>
</associations>
</Column>
<Column name="Employee_EmployeeID" id="630C97F0-638D-177E-DAEA-E8521A677932">
<createdBy>zoran.kovacevic</createdBy>
<createdTime>2019-01-31 09:48:52 UTC</createdTime>
<generatorID>08386700-D926-73E2-1B30-87D141D4F78D</generatorID>
<ownerDesignName>Company Employee Management</ownerDesignName>
<useDomainConstraints>false</useDomainConstraints>
<use>1</use>
<logicalDatatype>LOGDT011</logicalDatatype>
<ownDataTypeParameters>,,</ownDataTypeParameters>
<previousColumn>false</previousColumn>
<autoIncrementCycle>false</autoIncrementCycle>
<associations>
<colAssociation fkAssociation="E7D4C0E3-BE4B-A975-0A0C-AAA80C00EEE0" referredColumn="D85F190F-0FF3-63BB-8B72-E796F72EF803"/>
</associations>
</Column>
<Column name="Department_DepartmentID" id="95A3497F-C71C-BEDA-624B-56FED5360608">
<createdBy>zoran.kovacevic</createdBy>
<createdTime>2019-01-31 09:48:52 UTC</createdTime>
<generatorID>BF146A9A-59B3-D6A5-7325-BD65180CFDED</generatorID>
<ownerDesignName>Company Employee Management</ownerDesignName>
<useDomainConstraints>false</useDomainConstraints>
<use>1</use>
<logicalDatatype>LOGDT011</logicalDatatype>
<ownDataTypeParameters>,,</ownDataTypeParameters>
<previousColumn>false</previousColumn>
<autoIncrementCycle>false</autoIncrementCycle>
<associations>
<colAssociation fkAssociation="6FC21FF1-E1E6-BC92-04AE-92AEB56896CC" referredColumn="698CBB87-28B7-4D47-3590-AF9EB6F4975E"/>
</associations>
</Column>
<Column name="Department_Employee_EmployeeID" id="86A8B43D-3614-1E6E-CF40-C657D706E3D2">
<createdBy>zoran.kovacevic</createdBy>
<createdTime>2019-01-31 09:48:52 UTC</createdTime>
<generatorID>0DB40D0F-5A4D-E2B7-0952-E498D7B164EB</generatorID>
<ownerDesignName>Company Employee Management</ownerDesignName>
<useDomainConstraints>false</useDomainConstraints>
<use>1</use>
<logicalDatatype>LOGDT011</logicalDatatype>
<ownDataTypeParameters>,,</ownDataTypeParameters>
<previousColumn>false</previousColumn>
<autoIncrementCycle>false</autoIncrementCycle>
<associations>
<colAssociation fkAssociation="6FC21FF1-E1E6-BC92-04AE-92AEB56896CC" referredColumn="EC2E937E-DD47-A365-0347-3A2B6692B089"/>
</associations>
</Column>
<Column name="Job_JobID" id="F1B6ED35-9071-D4A1-0FE1-5E84D608B8F3">
<createdBy>zoran.kovacevic</createdBy>
<createdTime>2019-01-31 09:48:52 UTC</createdTime>
<generatorID>FF2C8010-ACFD-8F0D-DDAA-A613E9BFDC26</generatorID>
<ownerDesignName>Company Employee Management</ownerDesignName>
<useDomainConstraints>false</useDomainConstraints>
<use>1</use>
<logicalDatatype>LOGDT011</logicalDatatype>
<ownDataTypeParameters>,,</ownDataTypeParameters>
<previousColumn>false</previousColumn>
<autoIncrementCycle>false</autoIncrementCycle>
<associations>
<colAssociation fkAssociation="ACD98ED7-BBAE-CD61-B3D1-65540DCD1451" referredColumn="87768DDA-C24D-AD23-1770-BB5F954BBE19"/>
</associations>
</Column>
<Column name="Employee_JobID" id="FAB09EB2-3D82-F4EC-FCC1-50289C4EB38B">
<createdBy>zoran.kovacevic</createdBy>
<createdTime>2019-01-31 09:48:52 UTC</createdTime>
<generatorID>93148105-E730-DA81-4DDE-D9356F029F2C</generatorID>
<ownerDesignName>Company Employee Management</ownerDesignName>
<useDomainConstraints>false</useDomainConstraints>
<use>1</use>
<logicalDatatype>LOGDT011</logicalDatatype>
<ownDataTypeParameters>,,</ownDataTypeParameters>
<previousColumn>false</previousColumn>
<autoIncrementCycle>false</autoIncrementCycle>
<associations>
<colAssociation fkAssociation="E7D4C0E3-BE4B-A975-0A0C-AAA80C00EEE0" referredColumn="F1B6ED35-9071-D4A1-0FE1-5E84D608B8F3"/>
</associations>
</Column>
<Column name="Department_Employee_JobID" id="798FC5A8-C97E-B002-BEB7-6B4EE6354F87">
<createdBy>zoran.kovacevic</createdBy>
<createdTime>2019-01-31 09:48:52 UTC</createdTime>
<generatorID>2E9DB0DB-5ECB-B09A-1C40-708ABA76C23B</generatorID>
<ownerDesignName>Company Employee Management</ownerDesignName>
<useDomainConstraints>false</useDomainConstraints>
<use>1</use>
<logicalDatatype>LOGDT011</logicalDatatype>
<ownDataTypeParameters>,,</ownDataTypeParameters>
<previousColumn>false</previousColumn>
<autoIncrementCycle>false</autoIncrementCycle>
<associations>
<colAssociation fkAssociation="6FC21FF1-E1E6-BC92-04AE-92AEB56896CC" referredColumn="A5FFC572-F0F5-578B-600F-490A52532963"/>
</associations>
</Column>
<Column name="Department_Branches_BranchID" id="26C93160-C89C-2700-0F18-60C426DA707D">
<createdBy>zoran.kovacevic</createdBy>
<createdTime>2019-01-31 09:48:52 UTC</createdTime>
<generatorID>57A07748-174D-877B-3DB5-E7F0A5304188</generatorID>
<ownerDesignName>Company Employee Management</ownerDesignName>
<useDomainConstraints>false</useDomainConstraints>
<use>1</use>
<logicalDatatype>LOGDT011</logicalDatatype>
<ownDataTypeParameters>,,</ownDataTypeParameters>
<previousColumn>false</previousColumn>
<autoIncrementCycle>false</autoIncrementCycle>
<associations>
<colAssociation fkAssociation="6FC21FF1-E1E6-BC92-04AE-92AEB56896CC" referredColumn="A42F0C7A-73DF-BA45-DEA6-9A35F4F3DA4D"/>
</associations>
</Column>
<Column name="Location_LocationID" id="ACFBF241-C624-DF14-6C22-38FDEA9F0171">
<createdBy>zoran.kovacevic</createdBy>
<createdTime>2019-01-31 09:48:52 UTC</createdTime>
<generatorID>E73125C7-8142-A940-4A2B-2A5F988EE137</generatorID>
<ownerDesignName>Company Employee Management</ownerDesignName>
<useDomainConstraints>false</useDomainConstraints>
<use>1</use>
<logicalDatatype>LOGDT011</logicalDatatype>
<ownDataTypeParameters>,,</ownDataTypeParameters>
<previousColumn>false</previousColumn>
<autoIncrementCycle>false</autoIncrementCycle>
<associations>
<colAssociation fkAssociation="4D34A1B0-9CC3-B231-B2EF-80B594F49C56" referredColumn="FE6F6F40-3CFD-9BA2-04AE-0404C160D9EC"/>
</associations>
</Column>
</columns>
<indexes itemClass="oracle.dbtools.crest.model.design.relational.Index">
<ind_PK_UK id="7CBB94DD-363D-E76F-CFA5-E0B267100580" name="Employee_PK">
<createdBy>ROBOTECH</createdBy>
<createdTime>2019-01-30 21:29:26 UTC</createdTime>
<generatorID>5184B343-CDAD-4D93-08C0-9260B0E7F83D</generatorID>
<ownerDesignName>Company Employee Management</ownerDesignName>
<pk>true</pk>
<indexState>Primary Constraint</indexState>
<isSurrogateKey>false</isSurrogateKey>
<indexColumnUsage>
<colUsage columnID="D85F190F-0FF3-63BB-8B72-E796F72EF803"/>
<colUsage columnID="F1B6ED35-9071-D4A1-0FE1-5E84D608B8F3"/>
</indexColumnUsage>
</ind_PK_UK>
<ind_PK_UK id="44F5EF33-7E43-B5D8-EB7A-3EEBC6B89C92" name="Employee__IDX">
<createdBy>zoran.kovacevic</createdBy>
<createdTime>2019-01-31 09:48:52 UTC</createdTime>
<ownerDesignName>Company Employee Management</ownerDesignName>
<indexState>Unique Plain Index</indexState>
<isSurrogateKey>false</isSurrogateKey>
<relationGeneratorID>A3B8CCB8-A1CF-2C90-CAF6-13BDD1B02238</relationGeneratorID>
<indexColumnUsage>
<colUsage columnID="ACFBF241-C624-DF14-6C22-38FDEA9F0171"/>
</indexColumnUsage>
</ind_PK_UK>
<ind_PK_UK id="26672960-B369-57F4-9388-238ED2CDFE12" name="Employee_Role_FK">
<createdBy>ROBOTECH</createdBy>
<createdTime>2019-01-30 21:29:26 UTC</createdTime>
<generatorID>F9A3C5EC-66D3-4021-5681-D014A9964F1F</generatorID>
<ownerDesignName>Company Employee Management</ownerDesignName>
<indexState>Foreign Key</indexState>
<isSurrogateKey>false</isSurrogateKey>
<indexColumnUsage>
<colUsage columnID="56330DC3-00CE-C22D-59C1-BE5F02EE86D0"/>
</indexColumnUsage>
</ind_PK_UK>
<ind_PK_UK id="3894EC6D-8E64-E5AE-757B-CC80DD60277F" name="Employee_Employee_FK">
<createdBy>zoran.kovacevic</createdBy>
<createdTime>2019-01-31 09:48:52 UTC</createdTime>
<generatorID>89C39848-E8F5-6B2D-54D0-6B7EA7D7D438</generatorID>
<ownerDesignName>Company Employee Management</ownerDesignName>
<indexState>Foreign Key</indexState>
<isSurrogateKey>false</isSurrogateKey>
<indexColumnUsage>
<colUsage columnID="630C97F0-638D-177E-DAEA-E8521A677932"/>
<colUsage columnID="FAB09EB2-3D82-F4EC-FCC1-50289C4EB38B"/>
</indexColumnUsage>
</ind_PK_UK>
<ind_PK_UK id="7B280C70-5344-4539-AFE0-508693B443EF" name="Employee_Department_FK">
<createdBy>zoran.kovacevic</createdBy>
<createdTime>2019-01-31 09:48:52 UTC</createdTime>
<generatorID>5A54B80A-4727-33BA-B87E-7F623E64E3FA</generatorID>
<ownerDesignName>Company Employee Management</ownerDesignName>
<indexState>Foreign Key</indexState>
<isSurrogateKey>false</isSurrogateKey>
<indexColumnUsage>
<colUsage columnID="95A3497F-C71C-BEDA-624B-56FED5360608"/>
<colUsage columnID="86A8B43D-3614-1E6E-CF40-C657D706E3D2"/>
<colUsage columnID="798FC5A8-C97E-B002-BEB7-6B4EE6354F87"/>
<colUsage columnID="26C93160-C89C-2700-0F18-60C426DA707D"/>
</indexColumnUsage>
</ind_PK_UK>
<ind_PK_UK id="ABDE4A22-79FA-0F76-CEB6-5E3B8AC0507E" name="Employee_Job_FK">
<createdBy>zoran.kovacevic</createdBy>
<createdTime>2019-01-31 09:48:52 UTC</createdTime>
<generatorID>3EED93C9-06A3-D668-9C3D-E1192876FE7D</generatorID>
<ownerDesignName>Company Employee Management</ownerDesignName>
<indexState>Foreign Key</indexState>
<isSurrogateKey>false</isSurrogateKey>
<indexColumnUsage>
<colUsage columnID="F1B6ED35-9071-D4A1-0FE1-5E84D608B8F3"/>
</indexColumnUsage>
</ind_PK_UK>
<ind_PK_UK id="29AB3BD7-FC87-5130-CABE-7A7DA43B6A63" name="Employee_Location_FK">
<createdBy>zoran.kovacevic</createdBy>
<createdTime>2019-01-31 09:48:52 UTC</createdTime>
<generatorID>A3B8CCB8-A1CF-2C90-CAF6-13BDD1B02238</generatorID>
<ownerDesignName>Company Employee Management</ownerDesignName>
<indexState>Foreign Key</indexState>
<isSurrogateKey>false</isSurrogateKey>
<indexColumnUsage>
<colUsage columnID="ACFBF241-C624-DF14-6C22-38FDEA9F0171"/>
</indexColumnUsage>
</ind_PK_UK>
</indexes>
</Table>