<?xml version = '1.0' encoding = 'UTF-8'?>
<Table class="oracle.dbtools.crest.model.design.relational.Table" directorySegmentName="seg_0" id="6ACB7F3F-8BF1-7DCD-F3AE-1BB4ACD79279" name="JobHistory">
<createdBy>zoran.kovacevic</createdBy>
<createdTime>2019-01-31 09:48:52 UTC</createdTime>
<generatorID>A2C05EC1-447F-55AF-9E4C-9A00B3BCB36F</generatorID>
<ownerDesignName>Company Employee Management</ownerDesignName>
<allowColumnReorder>false</allowColumnReorder>
<existDependencyGenerateInDDl>true</existDependencyGenerateInDDl>
<parsed>true</parsed>
<columns itemClass="oracle.dbtools.crest.model.design.relational.Column">
<Column name="EmployeeID" id="17D5976C-9C51-5326-736C-030D5D96B615">
<createdBy>zoran.kovacevic</createdBy>
<createdTime>2019-01-31 09:48:52 UTC</createdTime>
<generatorID>9BBA731C-633A-CB2C-DF0C-F301F7B92574</generatorID>
<ownerDesignName>Company Employee Management</ownerDesignName>
<useDomainConstraints>false</useDomainConstraints>
<use>1</use>
<logicalDatatype>LOGDT011</logicalDatatype>
<ownDataTypeParameters>,,</ownDataTypeParameters>
<autoIncrementCycle>false</autoIncrementCycle>
</Column>
<Column name="StartDate" id="71A63BBD-0FDE-A9A3-301C-B1DF4018BE28">
<createdBy>zoran.kovacevic</createdBy>
<createdTime>2019-01-31 09:48:52 UTC</createdTime>
<generatorID>16BD527E-3026-A851-5C8A-F3E238DF4A77</generatorID>
<ownerDesignName>Company Employee Management</ownerDesignName>
<useDomainConstraints>false</useDomainConstraints>
<use>1</use>
<logicalDatatype>LOGDT047</logicalDatatype>
<ownDataTypeParameters>,,</ownDataTypeParameters>
<autoIncrementCycle>false</autoIncrementCycle>
</Column>
<Column name="ENDDate" id="A324672C-4064-5441-C034-5A73E6ABC696">
<createdBy>zoran.kovacevic</createdBy>
<createdTime>2019-01-31 09:48:52 UTC</createdTime>
<generatorID>0C11DF18-CD93-8ED4-6227-ACAF30C6D794</generatorID>
<ownerDesignName>Company Employee Management</ownerDesignName>
<useDomainConstraints>false</useDomainConstraints>
<use>1</use>
<logicalDatatype>LOGDT047</logicalDatatype>
<ownDataTypeParameters>,,</ownDataTypeParameters>
<autoIncrementCycle>false</autoIncrementCycle>
</Column>
<Column name="Job_JobID" id="8D6831A0-4BE6-C8C0-E2A7-D73811ECB707">
<createdBy>zoran.kovacevic</createdBy>
<createdTime>2019-01-31 09:48:52 UTC</createdTime>
<generatorID>7BF941B2-E042-ADE7-C839-29166F95C6A7</generatorID>
<ownerDesignName>Company Employee Management</ownerDesignName>
<useDomainConstraints>false</useDomainConstraints>
<use>1</use>
<logicalDatatype>LOGDT011</logicalDatatype>
<ownDataTypeParameters>,,</ownDataTypeParameters>
<previousColumn>false</previousColumn>
<autoIncrementCycle>false</autoIncrementCycle>
<associations>
<colAssociation fkAssociation="420684F7-DEBA-B0C1-137C-0261308FAC3E" referredColumn="87768DDA-C24D-AD23-1770-BB5F954BBE19"/>
</associations>
</Column>
<Column name="Department_DepartmentID" id="B2A5101C-AF38-681D-3A95-41E74E443C16">
<createdBy>zoran.kovacevic</createdBy>
<createdTime>2019-01-31 09:48:52 UTC</createdTime>
<generatorID>E80DBCE1-6963-6CCB-FE2F-8214E59C4CE2</generatorID>
<ownerDesignName>Company Employee Management</ownerDesignName>
<useDomainConstraints>false</useDomainConstraints>
<use>1</use>
<logicalDatatype>LOGDT011</logicalDatatype>
<ownDataTypeParameters>,,</ownDataTypeParameters>
<previousColumn>false</previousColumn>
<autoIncrementCycle>false</autoIncrementCycle>
<associations>
<colAssociation fkAssociation="4460EFF4-3E30-99C7-8914-6B0B0D566B5D" referredColumn="698CBB87-28B7-4D47-3590-AF9EB6F4975E"/>
</associations>
</Column>
<Column name="Department_EmployeeID" id="28656959-FDC0-F9D3-B089-D1FE934E0974">
<createdBy>zoran.kovacevic</createdBy>
<createdTime>2019-01-31 09:48:52 UTC</createdTime>
<generatorID>8B8CAB5C-A58B-F463-27CC-AA6BCA7E729D</generatorID>
<ownerDesignName>Company Employee Management</ownerDesignName>
<useDomainConstraints>false</useDomainConstraints>
<use>1</use>
<logicalDatatype>LOGDT011</logicalDatatype>
<ownDataTypeParameters>,,</ownDataTypeParameters>
<previousColumn>false</previousColumn>
<autoIncrementCycle>false</autoIncrementCycle>
<associations>
<colAssociation fkAssociation="4460EFF4-3E30-99C7-8914-6B0B0D566B5D" referredColumn="EC2E937E-DD47-A365-0347-3A2B6692B089"/>
</associations>
</Column>
<Column name="Department_JobID" id="C6FFDE17-4C90-D26B-2EB1-91CEB8E17830">
<createdBy>zoran.kovacevic</createdBy>
<createdTime>2019-01-31 09:48:52 UTC</createdTime>
<generatorID>E7F33CF1-E2B9-A3C4-5BBF-5F146C9782A8</generatorID>
<ownerDesignName>Company Employee Management</ownerDesignName>
<useDomainConstraints>false</useDomainConstraints>
<use>1</use>
<logicalDatatype>LOGDT011</logicalDatatype>
<ownDataTypeParameters>,,</ownDataTypeParameters>
<previousColumn>false</previousColumn>
<autoIncrementCycle>false</autoIncrementCycle>
<associations>
<colAssociation fkAssociation="4460EFF4-3E30-99C7-8914-6B0B0D566B5D" referredColumn="A5FFC572-F0F5-578B-600F-490A52532963"/>
</associations>
</Column>
<Column name="Department_Branches_BranchID" id="E4F9E459-0BDD-ED37-0061-5F23E1A498DF">
<createdBy>zoran.kovacevic</createdBy>
<createdTime>2019-01-31 09:48:52 UTC</createdTime>
<generatorID>25DA2D8E-04DC-4F99-85DD-D60B9B2D25E8</generatorID>
<ownerDesignName>Company Employee Management</ownerDesignName>
<useDomainConstraints>false</useDomainConstraints>
<use>1</use>
<logicalDatatype>LOGDT011</logicalDatatype>
<ownDataTypeParameters>,,</ownDataTypeParameters>
<previousColumn>false</previousColumn>
<autoIncrementCycle>false</autoIncrementCycle>
<associations>
<colAssociation fkAssociation="4460EFF4-3E30-99C7-8914-6B0B0D566B5D" referredColumn="A42F0C7A-73DF-BA45-DEA6-9A35F4F3DA4D"/>
</associations>
</Column>
</columns>
<indexes itemClass="oracle.dbtools.crest.model.design.relational.Index">
<ind_PK_UK id="475A282C-073D-050E-1ED3-A8FF3C1460DB" name="JobHistory_PK">
<createdBy>zoran.kovacevic</createdBy>
<createdTime>2019-01-31 09:48:52 UTC</createdTime>
<generatorID>EC9A6B7F-82BC-B1AD-5860-F8D33571786B</generatorID>
<ownerDesignName>Company Employee Management</ownerDesignName>
<pk>true</pk>
<indexState>Primary Constraint</indexState>
<isSurrogateKey>false</isSurrogateKey>
<indexColumnUsage>
<colUsage columnID="17D5976C-9C51-5326-736C-030D5D96B615"/>
<colUsage columnID="71A63BBD-0FDE-A9A3-301C-B1DF4018BE28"/>
<colUsage columnID="8D6831A0-4BE6-C8C0-E2A7-D73811ECB707"/>
<colUsage columnID="B2A5101C-AF38-681D-3A95-41E74E443C16"/>
<colUsage columnID="28656959-FDC0-F9D3-B089-D1FE934E0974"/>
<colUsage columnID="C6FFDE17-4C90-D26B-2EB1-91CEB8E17830"/>
<colUsage columnID="E4F9E459-0BDD-ED37-0061-5F23E1A498DF"/>
</indexColumnUsage>
</ind_PK_UK>
<ind_PK_UK id="C3C3850A-8935-2D14-42B6-9AF019223CA3" name="JobHistory_Job_FK">
<createdBy>zoran.kovacevic</createdBy>
<createdTime>2019-01-31 09:48:52 UTC</createdTime>
<generatorID>291B86AF-7E82-0FD3-7455-E595174F024F</generatorID>
<ownerDesignName>Company Employee Management</ownerDesignName>
<indexState>Foreign Key</indexState>
<isSurrogateKey>false</isSurrogateKey>
<indexColumnUsage>
<colUsage columnID="8D6831A0-4BE6-C8C0-E2A7-D73811ECB707"/>
</indexColumnUsage>
</ind_PK_UK>
<ind_PK_UK id="F2F5517C-2649-004E-9EF1-92598BD4B751" name="JobHistory_Department_FK">
<createdBy>zoran.kovacevic</createdBy>
<createdTime>2019-01-31 09:48:52 UTC</createdTime>
<generatorID>9245422E-025F-BF61-3BB3-EDAEDE99C788</generatorID>
<ownerDesignName>Company Employee Management</ownerDesignName>
<indexState>Foreign Key</indexState>
<isSurrogateKey>false</isSurrogateKey>
<indexColumnUsage>
<colUsage columnID="B2A5101C-AF38-681D-3A95-41E74E443C16"/>
<colUsage columnID="28656959-FDC0-F9D3-B089-D1FE934E0974"/>
<colUsage columnID="C6FFDE17-4C90-D26B-2EB1-91CEB8E17830"/>
<colUsage columnID="E4F9E459-0BDD-ED37-0061-5F23E1A498DF"/>
</indexColumnUsage>
</ind_PK_UK>
</indexes>
</Table>