<?xml version = '1.0' encoding = 'UTF-8'?>
<Table class="oracle.dbtools.crest.model.design.relational.Table" directorySegmentName="seg_0" id="7F95AC15-2CA8-E1DC-067E-153436C51EB6" name="Job">
<createdBy>ROBOTECH</createdBy>
<createdTime>2019-01-30 21:29:26 UTC</createdTime>
<generatorID>7B251509-DF07-378F-34AC-CD8CB2619D33</generatorID>
<ownerDesignName>Company Employee Management</ownerDesignName>
<allowColumnReorder>false</allowColumnReorder>
<existDependencyGenerateInDDl>true</existDependencyGenerateInDDl>
<parsed>true</parsed>
<columns itemClass="oracle.dbtools.crest.model.design.relational.Column">
<Column name="SignedIn" id="774433AA-40B6-4481-7236-791E727B88A5">
<createdBy>ROBOTECH</createdBy>
<createdTime>2019-01-30 21:29:26 UTC</createdTime>
<generatorID>E9CA6F4C-7144-BC58-312E-EB0495D5ABFE</generatorID>
<ownerDesignName>Company Employee Management</ownerDesignName>
<useDomainConstraints>false</useDomainConstraints>
<use>1</use>
<logicalDatatype>LOGDT047</logicalDatatype>
<dataTypePrecision>4</dataTypePrecision>
<ownDataTypeParameters>,4,</ownDataTypeParameters>
<autoIncrementCycle>false</autoIncrementCycle>
</Column>
<Column name="Worker" id="FA4CAEAC-17C8-5B2C-767F-D7A4FC879D87">
<createdBy>ROBOTECH</createdBy>
<createdTime>2019-01-30 21:29:26 UTC</createdTime>
<generatorID>37A49D56-15E4-23EC-1B20-7445951CD244</generatorID>
<ownerDesignName>Company Employee Management</ownerDesignName>
<nullsAllowed>true</nullsAllowed>
<useDomainConstraints>false</useDomainConstraints>
<use>1</use>
<logicalDatatype>LOGDT006</logicalDatatype>
<dataTypeSize>1</dataTypeSize>
<ownDataTypeParameters>1,,</ownDataTypeParameters>
<autoIncrementCycle>false</autoIncrementCycle>
</Column>
<Column name="Manager" id="59956AC2-CF16-389B-DB71-88213A0735AC">
<createdBy>ROBOTECH</createdBy>
<createdTime>2019-01-30 21:29:26 UTC</createdTime>
<generatorID>EA3D0B50-D86B-F3B8-A681-3825133C6B9D</generatorID>
<ownerDesignName>Company Employee Management</ownerDesignName>
<nullsAllowed>true</nullsAllowed>
<useDomainConstraints>false</useDomainConstraints>
<use>1</use>
<logicalDatatype>LOGDT006</logicalDatatype>
<dataTypeSize>1</dataTypeSize>
<ownDataTypeParameters>1,,</ownDataTypeParameters>
<autoIncrementCycle>false</autoIncrementCycle>
</Column>
<Column name="Driver" id="6A7BABF2-58EB-01A7-7023-2E8B95F41D9F">
<createdBy>ROBOTECH</createdBy>
<createdTime>2019-01-30 21:29:26 UTC</createdTime>
<generatorID>E7C42ECE-29AC-B661-E458-EC3617698F8A</generatorID>
<ownerDesignName>Company Employee Management</ownerDesignName>
<nullsAllowed>true</nullsAllowed>
<useDomainConstraints>false</useDomainConstraints>
<use>1</use>
<logicalDatatype>LOGDT006</logicalDatatype>
<dataTypeSize>1</dataTypeSize>
<ownDataTypeParameters>1,,</ownDataTypeParameters>
<autoIncrementCycle>false</autoIncrementCycle>
</Column>
<Column name="Intern" id="4067549F-BBBA-7C37-F7A0-E789ED0B062C">
<createdBy>ROBOTECH</createdBy>
<createdTime>2019-01-30 21:29:26 UTC</createdTime>
<generatorID>2BCF6233-B571-46C5-9A6B-875286C1D76E</generatorID>
<ownerDesignName>Company Employee Management</ownerDesignName>
<nullsAllowed>true</nullsAllowed>
<useDomainConstraints>false</useDomainConstraints>
<use>1</use>
<logicalDatatype>LOGDT006</logicalDatatype>
<dataTypeSize>1</dataTypeSize>
<ownDataTypeParameters>1,,</ownDataTypeParameters>
<autoIncrementCycle>false</autoIncrementCycle>
</Column>
<Column name="Director" id="61FAEA7C-B0D2-7816-9170-3A7277D1F080">
<createdBy>ROBOTECH</createdBy>
<createdTime>2019-01-30 21:29:26 UTC</createdTime>
<generatorID>9F489A81-91E9-D60F-59C2-556CA31ABD66</generatorID>
<ownerDesignName>Company Employee Management</ownerDesignName>
<nullsAllowed>true</nullsAllowed>
<useDomainConstraints>false</useDomainConstraints>
<use>1</use>
<logicalDatatype>LOGDT006</logicalDatatype>
<dataTypeSize>1</dataTypeSize>
<ownDataTypeParameters>1,,</ownDataTypeParameters>
<autoIncrementCycle>false</autoIncrementCycle>
</Column>
<Column name="JobID" id="87768DDA-C24D-AD23-1770-BB5F954BBE19">
<createdBy>zoran.kovacevic</createdBy>
<createdTime>2019-01-31 09:48:52 UTC</createdTime>
<generatorID>3716AEB1-8EB0-CE33-8CCB-FC5B676B5A81</generatorID>
<ownerDesignName>Company Employee Management</ownerDesignName>
<useDomainConstraints>false</useDomainConstraints>
<use>1</use>
<logicalDatatype>LOGDT011</logicalDatatype>
<ownDataTypeParameters>,,</ownDataTypeParameters>
<autoIncrementCycle>false</autoIncrementCycle>
</Column>
<Column name="JobTitle" id="6B7BC2F9-C39A-6B00-B93A-BCA779671818">
<createdBy>zoran.kovacevic</createdBy>
<createdTime>2019-01-31 09:48:52 UTC</createdTime>
<generatorID>0180CEF0-26F3-8EA2-63B5-7C289DEBBC2B</generatorID>
<ownerDesignName>Company Employee Management</ownerDesignName>
<useDomainConstraints>false</useDomainConstraints>
<use>1</use>
<logicalDatatype>LOGDT024</logicalDatatype>
<dataTypeSize>50</dataTypeSize>
<ownDataTypeParameters>50,,</ownDataTypeParameters>
<autoIncrementCycle>false</autoIncrementCycle>
</Column>
<Column name="MINSalary" id="3F9A6A03-5BBA-53D0-BE00-00B1E40085DE">
<createdBy>zoran.kovacevic</createdBy>
<createdTime>2019-01-31 09:48:52 UTC</createdTime>
<generatorID>624B0079-3366-B4CA-2E6D-7EFD9D22EC5D</generatorID>
<ownerDesignName>Company Employee Management</ownerDesignName>
<useDomainConstraints>false</useDomainConstraints>
<use>1</use>
<logicalDatatype>LOGDT011</logicalDatatype>
<ownDataTypeParameters>,,</ownDataTypeParameters>
<autoIncrementCycle>false</autoIncrementCycle>
</Column>
<Column name="MAXSalary" id="27E5D805-1566-6529-7976-AAED283A85B9">
<createdBy>zoran.kovacevic</createdBy>
<createdTime>2019-01-31 09:48:52 UTC</createdTime>
<generatorID>180F151F-209B-17AD-68CF-3544A089D331</generatorID>
<ownerDesignName>Company Employee Management</ownerDesignName>
<useDomainConstraints>false</useDomainConstraints>
<use>1</use>
<logicalDatatype>LOGDT011</logicalDatatype>
<ownDataTypeParameters>,,</ownDataTypeParameters>
<autoIncrementCycle>false</autoIncrementCycle>
</Column>
</columns>
<indexes itemClass="oracle.dbtools.crest.model.design.relational.Index">
<ind_PK_UK id="01F9CBAF-6E4A-2A64-F3D8-B98217AA5C71" name="Role_PK">
<createdBy>ROBOTECH</createdBy>
<createdTime>2019-01-30 21:29:26 UTC</createdTime>
<generatorID>CCA24579-AFBE-9BA8-46A6-8B99AE931488</generatorID>
<ownerDesignName>Company Employee Management</ownerDesignName>
<pk>true</pk>
<indexState>Primary Constraint</indexState>
<isSurrogateKey>false</isSurrogateKey>
<indexColumnUsage>
<colUsage columnID="87768DDA-C24D-AD23-1770-BB5F954BBE19"/>
</indexColumnUsage>
</ind_PK_UK>
</indexes>
</Table>