<?xml version = '1.0' encoding = 'UTF-8'?>
<Table class="oracle.dbtools.crest.model.design.relational.Table" directorySegmentName="seg_0" id="DED7889E-CFE5-50EA-C052-2D72AE884C49" name="Department">
<createdBy>ROBOTECH</createdBy>
<createdTime>2019-01-30 21:29:26 UTC</createdTime>
<generatorID>8D270C09-AE95-12A0-30AA-DFC26610023E</generatorID>
<ownerDesignName>Company Employee Management</ownerDesignName>
<allowColumnReorder>false</allowColumnReorder>
<existDependencyGenerateInDDl>true</existDependencyGenerateInDDl>
<parsed>true</parsed>
<columns itemClass="oracle.dbtools.crest.model.design.relational.Column">
<Column name="Engineering" id="3C9C8C94-B1B0-2023-A04E-22321DE7959B">
<createdBy>ROBOTECH</createdBy>
<createdTime>2019-01-30 21:29:26 UTC</createdTime>
<generatorID>C6E08179-2776-B3F8-7711-8F8513CD9F60</generatorID>
<ownerDesignName>Company Employee Management</ownerDesignName>
<nullsAllowed>true</nullsAllowed>
<useDomainConstraints>false</useDomainConstraints>
<use>1</use>
<logicalDatatype>LOGDT024</logicalDatatype>
<dataTypeSize>50</dataTypeSize>
<ownDataTypeParameters>50,,</ownDataTypeParameters>
<autoIncrementCycle>false</autoIncrementCycle>
</Column>
<Column name="HR" id="B2FC0046-85DA-C74D-F2CD-7135C0525CA5">
<createdBy>ROBOTECH</createdBy>
<createdTime>2019-01-30 21:29:26 UTC</createdTime>
<generatorID>978F75E7-1655-987B-25C7-06304C90691B</generatorID>
<ownerDesignName>Company Employee Management</ownerDesignName>
<nullsAllowed>true</nullsAllowed>
<useDomainConstraints>false</useDomainConstraints>
<use>1</use>
<logicalDatatype>LOGDT024</logicalDatatype>
<dataTypeSize>50</dataTypeSize>
<ownDataTypeParameters>50,,</ownDataTypeParameters>
<autoIncrementCycle>false</autoIncrementCycle>
</Column>
<Column name="DepartmentID" id="698CBB87-28B7-4D47-3590-AF9EB6F4975E">
<createdBy>ROBOTECH</createdBy>
<createdTime>2019-01-30 21:29:26 UTC</createdTime>
<generatorID>FF80536B-96A0-3ED8-D58B-E2067E0D6811</generatorID>
<ownerDesignName>Company Employee Management</ownerDesignName>
<useDomainConstraints>false</useDomainConstraints>
<use>1</use>
<logicalDatatype>LOGDT011</logicalDatatype>
<ownDataTypeParameters>,,</ownDataTypeParameters>
<autoIncrementCycle>false</autoIncrementCycle>
</Column>
<Column name="Sales" id="9ED58D27-D301-02BB-67BE-0E33416E456F">
<createdBy>ROBOTECH</createdBy>
<createdTime>2019-01-30 21:29:26 UTC</createdTime>
<generatorID>2EC5F766-DF1E-67B1-EA1B-F9CCB9E512DB</generatorID>
<ownerDesignName>Company Employee Management</ownerDesignName>
<nullsAllowed>true</nullsAllowed>
<useDomainConstraints>false</useDomainConstraints>
<use>1</use>
<logicalDatatype>LOGDT024</logicalDatatype>
<dataTypeSize>50</dataTypeSize>
<ownDataTypeParameters>50,,</ownDataTypeParameters>
<autoIncrementCycle>false</autoIncrementCycle>
</Column>
<Column name="Department_Name" id="10170C23-7B96-6D88-E257-83E8DC068336">
<createdBy>zoran.kovacevic</createdBy>
<createdTime>2019-01-31 09:48:52 UTC</createdTime>
<generatorID>438EBC65-51CF-F320-B395-7D6C87276435</generatorID>
<ownerDesignName>Company Employee Management</ownerDesignName>
<nullsAllowed>true</nullsAllowed>
<use>0</use>
<ownDataTypeParameters>,,</ownDataTypeParameters>
<autoIncrementCycle>false</autoIncrementCycle>
</Column>
<Column name="Employee_EmployeeID" id="EC2E937E-DD47-A365-0347-3A2B6692B089">
<createdBy>zoran.kovacevic</createdBy>
<createdTime>2019-01-31 09:48:52 UTC</createdTime>
<generatorID>BA5CC6D3-8110-2BB1-719C-ADD2297EEC85</generatorID>
<ownerDesignName>Company Employee Management</ownerDesignName>
<useDomainConstraints>false</useDomainConstraints>
<use>1</use>
<logicalDatatype>LOGDT011</logicalDatatype>
<ownDataTypeParameters>,,</ownDataTypeParameters>
<previousColumn>false</previousColumn>
<autoIncrementCycle>false</autoIncrementCycle>
<associations>
<colAssociation fkAssociation="7E87BC6A-89CF-BA0F-99AA-2270A4ADCB7F" referredColumn="D85F190F-0FF3-63BB-8B72-E796F72EF803"/>
</associations>
</Column>
<Column name="Employee_JobID" id="A5FFC572-F0F5-578B-600F-490A52532963">
<createdBy>zoran.kovacevic</createdBy>
<createdTime>2019-01-31 09:48:52 UTC</createdTime>
<generatorID>8D249D16-841E-5A9B-9696-725EF8F1C3ED</generatorID>
<ownerDesignName>Company Employee Management</ownerDesignName>
<useDomainConstraints>false</useDomainConstraints>
<use>1</use>
<logicalDatatype>LOGDT011</logicalDatatype>
<ownDataTypeParameters>,,</ownDataTypeParameters>
<previousColumn>false</previousColumn>
<autoIncrementCycle>false</autoIncrementCycle>
<associations>
<colAssociation fkAssociation="7E87BC6A-89CF-BA0F-99AA-2270A4ADCB7F" referredColumn="F1B6ED35-9071-D4A1-0FE1-5E84D608B8F3"/>
</associations>
</Column>
<Column name="Branches_BranchID" id="A42F0C7A-73DF-BA45-DEA6-9A35F4F3DA4D">
<createdBy>zoran.kovacevic</createdBy>
<createdTime>2019-01-31 09:48:52 UTC</createdTime>
<generatorID>BA72C5FF-132A-50C8-A0EA-CF98BC63F1FF</generatorID>
<ownerDesignName>Company Employee Management</ownerDesignName>
<useDomainConstraints>false</useDomainConstraints>
<use>1</use>
<logicalDatatype>LOGDT011</logicalDatatype>
<ownDataTypeParameters>,,</ownDataTypeParameters>
<previousColumn>false</previousColumn>
<autoIncrementCycle>false</autoIncrementCycle>
<associations>
<colAssociation fkAssociation="5B273BA5-27A0-286D-A7AA-84614824F48E" referredColumn="F0A65852-FCDC-2EB7-0EE5-544C736CCCC5"/>
</associations>
</Column>
</columns>
<indexes itemClass="oracle.dbtools.crest.model.design.relational.Index">
<ind_PK_UK id="B095FE50-F522-F3F8-EF74-7943E3F57EB4" name="Department_PK">
<createdBy>ROBOTECH</createdBy>
<createdTime>2019-01-30 21:29:26 UTC</createdTime>
<generatorID>8C6E4496-3501-223E-A896-4B878A3CD047</generatorID>
<ownerDesignName>Company Employee Management</ownerDesignName>
<pk>true</pk>
<indexState>Primary Constraint</indexState>
<isSurrogateKey>false</isSurrogateKey>
<indexColumnUsage>
<colUsage columnID="698CBB87-28B7-4D47-3590-AF9EB6F4975E"/>
<colUsage columnID="EC2E937E-DD47-A365-0347-3A2B6692B089"/>
<colUsage columnID="A5FFC572-F0F5-578B-600F-490A52532963"/>
<colUsage columnID="A42F0C7A-73DF-BA45-DEA6-9A35F4F3DA4D"/>
</indexColumnUsage>
</ind_PK_UK>
<ind_PK_UK id="9B190257-19FA-FEDA-4BB0-7E1D6584B384" name="Department_Branches_FK">
<createdBy>zoran.kovacevic</createdBy>
<createdTime>2019-01-31 09:48:52 UTC</createdTime>
<generatorID>74CA116B-D195-5F4E-BE9A-532B4F67F7B4</generatorID>
<ownerDesignName>Company Employee Management</ownerDesignName>
<indexState>Foreign Key</indexState>
<isSurrogateKey>false</isSurrogateKey>
<indexColumnUsage>
<colUsage columnID="A42F0C7A-73DF-BA45-DEA6-9A35F4F3DA4D"/>
</indexColumnUsage>
</ind_PK_UK>
<ind_PK_UK id="208A2A48-48A4-8DBC-CA45-F98ACCC4FC08" name="Department_Employee_FK">
<createdBy>zoran.kovacevic</createdBy>
<createdTime>2019-01-31 09:48:52 UTC</createdTime>
<generatorID>D8900A36-5092-5BF2-F729-F05F6F71BD41</generatorID>
<ownerDesignName>Company Employee Management</ownerDesignName>
<indexState>Foreign Key</indexState>
<isSurrogateKey>false</isSurrogateKey>
<indexColumnUsage>
<colUsage columnID="EC2E937E-DD47-A365-0347-3A2B6692B089"/>
<colUsage columnID="A5FFC572-F0F5-578B-600F-490A52532963"/>
</indexColumnUsage>
</ind_PK_UK>
</indexes>
</Table>