<?xml version = '1.0' encoding = 'UTF-8'?>
<Table class="oracle.dbtools.crest.model.design.relational.Table" directorySegmentName="seg_0" id="FBFD752A-A8F0-E2A9-7645-B938BE5DB3FB" name="Location">
<createdBy>zoran.kovacevic</createdBy>
<createdTime>2019-01-31 09:48:52 UTC</createdTime>
<generatorID>9359377B-402E-C310-9513-27BCBD8504D6</generatorID>
<ownerDesignName>Company Employee Management</ownerDesignName>
<allowColumnReorder>false</allowColumnReorder>
<existDependencyGenerateInDDl>true</existDependencyGenerateInDDl>
<parsed>true</parsed>
<columns itemClass="oracle.dbtools.crest.model.design.relational.Column">
<Column name="LocationID" id="FE6F6F40-3CFD-9BA2-04AE-0404C160D9EC">
<createdBy>zoran.kovacevic</createdBy>
<createdTime>2019-01-31 09:48:52 UTC</createdTime>
<generatorID>3081546B-54FC-D928-DDFA-872AC20BE412</generatorID>
<ownerDesignName>Company Employee Management</ownerDesignName>
<useDomainConstraints>false</useDomainConstraints>
<use>1</use>
<logicalDatatype>LOGDT011</logicalDatatype>
<ownDataTypeParameters>,,</ownDataTypeParameters>
<autoIncrementCycle>false</autoIncrementCycle>
</Column>
<Column name="StreetAddres" id="4396A5C8-18F3-0437-D195-B865ADF123D0">
<createdBy>zoran.kovacevic</createdBy>
<createdTime>2019-01-31 09:48:52 UTC</createdTime>
<generatorID>3262B472-8D54-E527-7C7F-B4DDBD31F08C</generatorID>
<ownerDesignName>Company Employee Management</ownerDesignName>
<useDomainConstraints>false</useDomainConstraints>
<use>1</use>
<logicalDatatype>LOGDT024</logicalDatatype>
<dataTypeSize>50</dataTypeSize>
<ownDataTypeParameters>50,,</ownDataTypeParameters>
<autoIncrementCycle>false</autoIncrementCycle>
</Column>
<Column name="ZIPCode" id="469C0BF3-07A8-587A-F41A-1C90E2BDEEC0">
<createdBy>zoran.kovacevic</createdBy>
<createdTime>2019-01-31 09:48:52 UTC</createdTime>
<generatorID>6E431262-C6A7-4279-440C-6021CB0D846F</generatorID>
<ownerDesignName>Company Employee Management</ownerDesignName>
<useDomainConstraints>false</useDomainConstraints>
<use>1</use>
<logicalDatatype>LOGDT011</logicalDatatype>
<ownDataTypeParameters>,,</ownDataTypeParameters>
<autoIncrementCycle>false</autoIncrementCycle>
</Column>
<Column name="City" id="EF4BB02A-D994-810E-F153-003C1837C774">
<createdBy>zoran.kovacevic</createdBy>
<createdTime>2019-01-31 09:48:52 UTC</createdTime>
<generatorID>5683D56C-8CD1-CDF0-690B-7266D526C699</generatorID>
<ownerDesignName>Company Employee Management</ownerDesignName>
<useDomainConstraints>false</useDomainConstraints>
<use>1</use>
<logicalDatatype>LOGDT024</logicalDatatype>
<ownDataTypeParameters>,,</ownDataTypeParameters>
<autoIncrementCycle>false</autoIncrementCycle>
</Column>
<Column name="Employee_EmployeeID" id="7012092A-AB25-19E9-9690-7BFC52C8352C">
<createdBy>zoran.kovacevic</createdBy>
<createdTime>2019-01-31 09:48:52 UTC</createdTime>
<generatorID>8B717D90-2773-307F-15C5-32A0BC2C413F</generatorID>
<ownerDesignName>Company Employee Management</ownerDesignName>
<useDomainConstraints>false</useDomainConstraints>
<use>1</use>
<logicalDatatype>LOGDT011</logicalDatatype>
<ownDataTypeParameters>,,</ownDataTypeParameters>
<previousColumn>false</previousColumn>
<autoIncrementCycle>false</autoIncrementCycle>
<associations>
<colAssociation fkAssociation="70F74D5D-8292-2AE7-7FE1-9861E5EF7EE2" referredColumn="D85F190F-0FF3-63BB-8B72-E796F72EF803"/>
</associations>
</Column>
<Column name="Employee_Job_JobID" id="E8D2CBF5-FD8C-1153-B7B7-740709BB1454">
<createdBy>zoran.kovacevic</createdBy>
<createdTime>2019-01-31 09:48:52 UTC</createdTime>
<generatorID>BF71E144-F8EF-42FE-1DD8-5273EA6CCD17</generatorID>
<ownerDesignName>Company Employee Management</ownerDesignName>
<useDomainConstraints>false</useDomainConstraints>
<use>1</use>
<logicalDatatype>LOGDT011</logicalDatatype>
<ownDataTypeParameters>,,</ownDataTypeParameters>
<previousColumn>false</previousColumn>
<autoIncrementCycle>false</autoIncrementCycle>
<associations>
<colAssociation fkAssociation="70F74D5D-8292-2AE7-7FE1-9861E5EF7EE2" referredColumn="F1B6ED35-9071-D4A1-0FE1-5E84D608B8F3"/>
</associations>
</Column>
</columns>
<indexes itemClass="oracle.dbtools.crest.model.design.relational.Index">
<ind_PK_UK id="0981F214-8AA2-FB2B-D065-D4974D73762E" name="Location_PK">
<createdBy>zoran.kovacevic</createdBy>
<createdTime>2019-01-31 09:48:52 UTC</createdTime>
<generatorID>344A1EE3-ECF6-68DD-4D2C-6EF7DE6F75F0</generatorID>
<ownerDesignName>Company Employee Management</ownerDesignName>
<pk>true</pk>
<indexState>Primary Constraint</indexState>
<isSurrogateKey>false</isSurrogateKey>
<indexColumnUsage>
<colUsage columnID="FE6F6F40-3CFD-9BA2-04AE-0404C160D9EC"/>
</indexColumnUsage>
</ind_PK_UK>
<ind_PK_UK id="24E2B95B-C652-49B0-D9EA-F84462BB165F" name="Location__IDX">
<createdBy>zoran.kovacevic</createdBy>
<createdTime>2019-01-31 09:48:52 UTC</createdTime>
<ownerDesignName>Company Employee Management</ownerDesignName>
<indexState>Unique Plain Index</indexState>
<isSurrogateKey>false</isSurrogateKey>
<relationGeneratorID>A3B8CCB8-A1CF-2C90-CAF6-13BDD1B02238</relationGeneratorID>
<indexColumnUsage>
<colUsage columnID="7012092A-AB25-19E9-9690-7BFC52C8352C"/>
<colUsage columnID="E8D2CBF5-FD8C-1153-B7B7-740709BB1454"/>
</indexColumnUsage>
</ind_PK_UK>
<ind_PK_UK id="5452A560-4E55-20B6-453B-213A5AD6C6E1" name="Location_Employee_FK">
<createdBy>zoran.kovacevic</createdBy>
<createdTime>2019-01-31 09:48:52 UTC</createdTime>
<generatorID>A3B8CCB8-A1CF-2C90-CAF6-13BDD1B02238</generatorID>
<ownerDesignName>Company Employee Management</ownerDesignName>
<indexState>Foreign Key</indexState>
<isSurrogateKey>false</isSurrogateKey>
<indexColumnUsage>
<colUsage columnID="7012092A-AB25-19E9-9690-7BFC52C8352C"/>
<colUsage columnID="E8D2CBF5-FD8C-1153-B7B7-740709BB1454"/>
</indexColumnUsage>
</ind_PK_UK>
</indexes>
</Table>